v_group,reps
DERMESTIDAE,256
Karroo,256
"Carboniferous Limestone Supergroup, Calciferous Sandstone Measures",512
Chalk,512
Arikaree,512
Barton Group,9728
Chojabaru Formation,1
Malokaroyskaya (Lesser Karoy),1
St Peter Sandstone,1
Glenbuck,1
Fernando formation,1
Oolite Group,1
Claiborne or Jackson,1
Chesapeake Group?,1
Conjola,1
Shimijiri Grp,1
Potsdam Grp.,1
Marshall Group,1
L. Genesse,1
London Clay,1
Yipinglang,1
Shinju,1
Arbuthnott-Garvock,1
Pingdingshan,1
COCOBEACH SERIES,1
Fairfield Group,1
Great Esturarine,1
Alberta Group,1
Montchauve Group,1
Grand Rapids Grp,1
Kurami Group,1
Pecan Gap,1
Matsuyama,1
Inyan Kara Grp.,1
Upper Ezo Group,1
Mozaan Grp,1
Stephensport Grp,1
Caloosahatchee,1
LOWER TOARCIAN,1
Yongning,1
FORT BENTON GRP,1
Tonzona Group,1
Chemung? Group,1
Paumatu Group,1
Mekran,1
Hinotani Group,1
Insuzi Group,1
Park City Grp,1
Fremont Group,1
Animikie,1
Dorset Succession,1
Urgonian,1
Hijikata Group,1
Lower Chazy,1
Great Oolithe,1
Chichibumachi Group,1
New Design Group,1
Callaway limestones,1
Avon River,1
Awaynat Wanin,1
Boven-Noordzee Groep,1
Gipsdalen Group,1
Nebraska City Group,1
Annaka,1
Middle Chalk,1
Seto Group,1
Valle de Angelis,1
Guernsey,1
Eden-Million,1
Eagle Creek Formation,1
Conemaugh Grp?,1
Durbin Group,1
Rima Group,1
Surdud,1
Clinton Grp?,1
Hafun,1
Alto de San Nicolás,1
Unkar,1
Richimond Group,1
Montana Grp.?,1
Keele,1
Globigerina Series,1
Tiantai,1
Hakima,1
Western Chalkidiki deposits,1
Paskenta,1
Sanders,1
Rolling Downs Group,1
Pedee Grp,1
Onandagan Group,1
LOCKPORT GROUP,1
Lower Oil Shale Grp,1
Sinuiji,1
Western Brook Pond Group,1
High Kondel Grp,1
Cooper Gp,1
Upper Green Sand,1
SAN RAFAEL GROUP,1
Upper Kolaster,1
PRINCETON,1
upper Culpeper Grp,1
Schistes supérieurs des Fezouata,1
Luiden Group,1
Washita?,1
Mineola,1
TRENTON GROUP 2,1
Montrose Group,1
Guanoco,1
Monongahela Grp.,1
Chosen Super Group,1
Ypresian,1
Diamond Peak,1
Nupinai,1
Lee River,1
Pennington,1
"Coal Measures Supergroup, Coal Measures Group",1
Chazy Grp.,1
LANDEN,1
ALLEGHENY,1
Taubate,1
Kiinderhook,1
Fresnal Grp,1
Chincotepec Group,1
Trenton? Group,1
Laki or Kirthar Series,1
Hardramawt,1
Canso,1
Bacton Group,1
Changet,1
Dolomitic Ls,1
Drummock Group,1
Sustut,1
Bocas del Toro Group,1
Ashio tectonic belt,1
Rattendorf Group,1
Acton Scott Group,1
Quartz Conglomerate,1
Pertnjara,1
Martinsburg Grp.,1
Burra Grp,1
Salt Hill Series,1
Chico?,1
Trenton (O. borealis beds),1
Cincinnati ?Grp.,1
Lower Wealden Group,1
Uppermost Allegheny Grp,1
San Pedro Grp,1
Pembroke Limestone Group,1
Warwickshire Group,1
TRENTON GROUP 1,1
Yeonil Group,1
Oske Bay,1
Pocono Grp.,1
Nyker Group,1
Nakatsu Group,1
Waterlime Grp.,1
Grand Gulf Group,1
FT. BENTON GRP NO2,1
Hayama Group,1
"""Fort Benton Group""",1
Kuritang,1
Futoro Formation,1
Ashigaya Group,1
Ribadesella,1
Cisco  Group,1
XINMINBAO,1
Ellis Grp.,1
Opahi,1
Fort Stockton undivided,1
Alsó Keuper,1
Coeymans Fm,1
Henrietta Group,1
Misasa,1
Kreide,1
West Falls Grp.,1
San Fernando,1
Xin-yu Grp,1
Carquinez Strait,1
Kaskaskia Grp.,1
Nishikubiki Group,1
Licha,1
Knobstone,1
Ermanovka,1
Segma,1
Yinchufu Series,1
Charbon,1
BYTURIDAE,1
Olive Hill Fm  Ross Ls Mbr,1
Tomioka G.,1
Perdido,1
Hamilton? Group,1
Kuangyüan,1
Stones River Grp.,1
Oigawa Group,1
Sizukawa Group,1
Pierre Group,1
Marianne,1
Yucheon,1
Lower Bringewood,1
Yuya-wan,1
Ayugawa,1
Whaingaroa Series,1
Gristhorpe Series,1
Ottosee Ls,1
Viola Grp.,1
Nagahama,1
Tindir Group,1
Musandam Group,1
Bundamba,1
"Beacon Sandstone, Clear Fork",1
Sunderland Inlier Group,1
Greenbrier Grp.,1
Ball Mt Group,1
Albert Group,1
Sonyea Group,1
unknown,1
BRENTIDAE,1
Cows Head Group,1
WHANGAMOMONA GROUP,1
BleBack Creek,1
TRETNON,1
Keuper Group,1
Barton beds,1
Nieniexiongla,1
Wahigi,1
Naarai Formation,1
Augusta,1
Brassfield Group,1
Nishitama Group,1
Natori,1
Fredericksburg-Washita divisions,1
Cuyahoga Grp,1
"Durst Grp., probably",1
STEPHENSPORT GROUP,1
Winslow Group,1
Dent Group,1
BLCK RIVER,1
Wakino Group,1
Shinigawa,1
Guayoc Chico,1
Lualaba Series,1
Ophir Group,1
Kishima,1
Okiwa,1
Masseys Creek Group,1
Beomgokri Group,1
BYRRHIDAE,1
Fars Series,1
Beacon Group,1
Otatoor Group,1
FORT BENTON OR NIOBRA GRP,1
Karahama Group,1
Bonavista,1
San Diego Formation,1
CABO BLANCO,1
Karpov Regional Stage,1
Raisin River Grp.?,1
LAMETA,1
Sables de Soisson,1
Summerford Group,1
AUGUSTA,1
Santa Maria?,1
PIERRE GRP,1
Arbuckle Grp.,1
Armagh Group,1
Canso Group,1
Tubarao Group,1
Suva Group,1
Umia Group,1
Menominee Grp,1
Saratoga Springs Grp,1
Niagara Grp.?,1
Douglas or Shawnee,1
Manganese Grp,1
Gaspé,1
Sanders Grp.?,1
MAUCH CHUNK,1
Manlius,1
Kite Group,1
"Old Red Sandstone Supergroup, Hillhead Group",1
Shirakidani Group,1
Arenig Grp,1
Wood Bay,1
Mesaverde Grp.,1
Río Zeballos,1
Lansing Grp.,1
Fig Tree,1
Elk Mound Grp.,1
Aran Volcanic,1
HISTERIDAE,1
Shell Rock Group,1
Cayuga,1
Salina Grp.,1
Acadian Group,1
Titicaca Group,1
Makri-Yialo,1
S. Oklahoma Ardmore Basin,1
Leonard Group,1
Whirlwind Creek,1
Larapintine Group,1
Lualaba,1
Taubaté,1
Uppermost Futaba Group,1
Valle De Angeles Group,1
Vichsberg Group,1
STOCKDALE GROUP,1
Natal,1
Hamilton group,1
Cincinnati group,1
Mascarene Group,1
Ishido Group,1
Astoria,1
Douglas Grp.,1
Strzelecki Grp.,1
Calciferous Ss Measures,1
Payogastilla,1
Yellow Springs,1
Chongging,1
Rio Hondo,1
Katrol Series,1
Shirado,1
Urbion,1
Shawnee Grp.,1
Duruma,1
LOWER RED,1
Ulster White Limestone Group,1
Boyle Group,1
Cuifengshan,1
Unkar Grp,1
Laubach Grp,1
CLAIBORNE,1
Pooleville Group,1
Lower Malargüe,1
Oguni,1
Gilmerton Ironstone,1
FORT PIERRE,1
Hawkesbury Group,1
CORYLOPHIDAE,1
Wasatch Grp,1
ANGULARIS,1
Missouri,1
Akan,1
hHazelton,1
? Sendai Group,1
Durness Limestone Group,1
Water Lime,1
BUFFALO WALLOW GROUP,1
Melbourne,1
Arrialoor,1
Graham Grp,1
Lexington Grp,1
Artesia,1
Middle Lias Grp.,1
Saratoga,1
Manzo Group,1
Counsil Grove Group,1
Upper Chemung,1
Arshanov,1
Zaluch Group,1
Menvian Group,1
Balsas Group,1
Gizeh,1
Muzduk,1
"Döhlen Basin, Rotliegend Group",1
Dalhousie Group,1
Feijas Externes Group,1
Fitz Creek Siltstone,1
Galena Series,1
Bronson Group,1
Western Niagara Grp.,1
Poatina,1
Albion Grp,1
In Chou,1
Norian Group,1
Upper Chemung Grp,1
Burkhill,1
Karoo Series,1
Jackson or Claiborne,1
Injune Creek,1
Saugus formation,1
Older Parian,1
Hainichen Subgroup,1
Uryu,1
Middle Muschelkalk,1
Moran Group,1
Huayqueriense,1
Brookwood Group,1
FREDERICKSBURG,1
Arago,1
Lima Group,1
Peary Land,1
VIcksburg,1
Murray Group,1
Shawangunk,1
Guadalupe,1
Oliván,1
Ishbel,1
Conasauga Grp.?,1
Meagher,1
Dniester,1
Pyongan,1
Brachlesham,1
Chasmops division,1
"Richmond Grp., probably",1
Burnt Bluff Grp.,1
Iola,1
Fort Riley Ls,1
Apache Group,1
Arbuthnott Grp,1
Elk Mound Grp,1
Khirthar Series,1
Zahornay Fm,1
Contamana,1
JUDITH RIVER,1
Onndagan Group,1
Silver Lick Group,1
Grand Canyon Supergroup,1
Lake Bonneville,1
Funing,1
PTILIIDAE,1
Lenoir Group,1
Moose River Grp,1
Middle Chazy,1
Ottweiler Layers,1
Dwyka Tillite,1
Middle Cambrian,1
Orestimba,1
Worston Group,1
Newbury Volcanic Group,1
Umia Series,1
CISCO GROUP,1
Silwalik,1
ST. LOUIS GROUP,1
MCLEANSBORO,1
Saint John Group,1
UPPER HELDERBERG GRP ?,1
Baquero,1
Covington Group,1
Garnet,1
"Borden Grp, Upper",1
WAVERLY GROUP,1
Tacurú,1
Calciferous Group,1
Letna beds,1
Bartonien,1
Taylorsville Grp,1
Chalk Marls,1
Scaldisien System,1
Kirthar Group,1
Chacra-Salina,1
Louis River Group,1
Genesee Sh.,1
Tugulu Group,1
Cap Bon Group,1
Eagle Ford Shale,1
Toika Formation,1
Iguatu,1
Whicita Group,1
Monongahela Grp.?,1
MONTANA GROUP,1
Richmond & Lorraine,1
"Carboniferous Limestone Supergroup, Castletown Limestone Group",1
Morigen,1
Oum Dovil Group,1
Cincinnatian Group,1
Yaw Series,1
KAROO,1
Scaphites Group,1
Wilcox Grp,1
Lofochai Group,1
Orán,1
Upper Illara,1
Clairborne Group,1
McKay Group,1
Knoxville,1
Craghead Creek,1
West Arm,1
Ulmen Group,1
Bromide Group,1
Ulster Group,1
Miyata Formation,1
ROTLIEGEND,1
Nodular Series,1
Kuling Grp,1
Thamama Group,1
Saugus Formation,1
Barrachois Grp,1
Landon,1
FORT BENTON GRP NO 2,1
Kressenberg Group,1
Oswayo,1
Dalwood,1
Pueblo Group,1
Shizugawa Group,1
Guide,1
Nishisonogi,1
Lower Sandstone Series,1
Sandholdt Mbr,1
Lone Camp,1
Cl,1
Taga Group,1
Tetori Formetion ?,1
Cheseapeake,1
Otsuji,1
Tanagura formation,1
Yoresdale,1
Nunda Group,1
RUGOSA,1
TRAVERSE,1
Hesselberg Mountain,1
Drummock Grp,1
Wappinger,1
CHILHOWEE GROUP,1
Sellersberg Group,1
Romo,1
Guatemala,1
Nangar Subgroup,1
Black River/Trenton,1
Uintan Bozeman Group,1
Limestone Coal Grp?,1
Upper Chazy,1
Mizumani Grp,1
Bright Angel Group,1
Yeongil,1
Wetterstein Grp.,1
Cambridge,1
Secret Canyon,1
Bertie Group [Williamsville,1
Judea,1
Sub-Carboniferous Group,1
Niagara? Group,1
Lower Karoo,1
Terayama,1
Bertie Waterlime Grp.,1
San Ardo Group,1
Paskenta?,1
Pareora,1
Valudayar Group,1
Cornbrash Ls,1
Pachham,1
Beekmantown Group?,1
Meganos formation,1
Karagiye Group,1
Lattorfian,1
Takakura-yama,1
Purisima formation,1
New Scotland,1
Huqf,1
Labrador Series,1
St Louis,1
"Pilbara Supergroup, Warrawoona Group",1
Huron Group,1
"Carboniferous Limestone Supergroup, Kaskaskia Group",1
Arialoor Group,1
GENESEE GROUP,1
Hannibal Grp,1
Centinella,1
Mannering,1
HAWTHORN,1
Sheep Creek,1
Uttatur,1
Guayaval Series,1
Chienteh,1
Trentonian,1
HEADON SERIES,1
Fox hills,1
Tomikusa Formetion,1
Elvira Group,1
Cincinnatian Grp.,1
Hampshire,1
Itukaichi-machi,1
Wilcox or Claiborne,1
Honda Group,1
CHINLE,1
Kumara,1
SANTA FE,1
Columbia Group,1
Semri Grp,1
Hueco Grp.,1
West Lothain Oil Shale,1
Middle Limestone Group,1
Horton Group,1
Yoredale Grp.,1
Kansas City Grp.,1
Miho,1
"Torlesse Supergroup, Torlesse Group",1
Nanaima,1
Wairoa,1
Sasebo Group ?,1
Brownsport  Group,1
Wabaunsee Group?,1
Sekondi Series,1
Dundas Group,1
Shimosueyoshi,1
Glen Canyon Grp,1
"Lodève-Graissessac Basin, Autonien Group",1
Kakegawa Grp,1
HUECO,1
Stonehaven Grp,1
Itararè,1
Middle Ezo Group,1
Yeonil,1
Big Blue Group,1
Penn Canyon Group,1
Clam Bank Grp,1
El Gigante,1
Canadaway Grp.,1
Rewa,1
San Emigdio formation,1
EAGLE FORD EQUIVALENT,1
Pridoli Schichten,1
LOWER RED MARL,1
BLACK RIVER GROUP,1
Hoxbar,1
Cypridina Shales,1
Mancos Group,1
Tenneru Group,1
Szu-Chuan,1
Ondai Sair,1
"Old Red Sandstone Supergroup, Quartz Conglomerate Group",1
Rosamund,1
Upper Benton Grp.,1
Alamor,1
WESTHAVEN GROUP,1
Keewanee Group,1
Huila,1
WUNGHNU GROUP,1
Corniferous and Hamilton Grps.,1
Florence,1
BOSTRICHIDAE,1
Kinzer,1
Corumba,1
Mercer,1
Scalent Group,1
"Gulf Series, Eagle Ford Group",1
Masuda,1
Tsunozu Group,1
Inferior Oolite Grp.,1
Fort Benton Grp,1
mid-Luangwa Basin,1
Upper Heldelbery group,1
LOWER SAUCESIAN,1
Comanche Peak,1
Woodbridge Group,1
San Jose,1
Lofochai Grp,1
Putcham Group,1
"Drummuck Grp, Upper",1
Bracklesham/Barton Group,1
Khadum,1
Nant Ffrancon,1
Menominee,1
Humber ?,1
Kysuca,1
"Old Red Sandstone, Upper Old Red Sandstone",1
Matapedia Group,1
Wilcox Grp.,1
Joetsu tectonic belt,1
Farne,1
West falls,1
Lower Merced,1
HYDROCHIDAE,1
DELAWARE MOUNTAIN GROUP,1
[illegible],1
Gaj Series?,1
Slocan,1
Rattendorf,1
Forest Marble,1
Trenton|Hudson River,1
Hadson Group,1
?Helderberg Grp.,1
Bu Ness,1
Greenbrier,1
Damsite series,1
Pennsylvanian,1
Buntsandstein Group,1
Lower Caradoc,1
Chickasaw,1
High Bridge Grp.,1
RANIKOT GROUP,1
Fannin River Group,1
Santa Margarita formation,1
Longobucco,1
WILCOX,1
Tantou,1
New Providence Group,1
Toyoura,1
Platydolomite,1
CARDABIA GROUP,1
Hawthorne Group,1
Lias Grp.,1
Green Island Inlier Group,1
Seneca,1
Mount Bernon Group,1
?Conemaugh Grp.,1
Chazyan Group,1
Ryoseki,1
Pläner Limestones,1
Mount Hamilton Group,1
Gaspe Bay Sandstone,1
Hamada formation,1
Floridian Group,1
Bol'shaya Kheta,1
Hikokubo,1
FT. BENTON OR NIOBRARA GRP,1
Lower Table Head,1
Anthracite,1
Tappins Group,1
"Coal Measures, Middle Coal Measures",1
Katrol Group,1
Bergman ?,1
Stonesfield,1
Casco Bay,1
Série du Chabet el Oukaref,1
New Albany Group,1
Llanvirn Group,1
Naples Grp,1
Gypseous Series,1
Ithica Group,1
Aruma Group,1
Port Charlotte Group,1
Tokazan,1
Gaviota formation,1
Hioki,1
CHICAMAUGA GROUP,1
GLAN GRP.,1
Bolander Grp,1
Charee Group,1
Upper Clif limestone,1
Yarenskian,1
Dartmouth Group,1
Blue River Grp,1
Ogashima,1
THUSO FLAGSTONE,1
FT PIERRE GRP,1
Sucaruochee,1
Chelif,1
Lower Philipsburg,1
Porto Farina ?,1
Shaunee Group,1
possibly Pioche,1
Britvinskaya Series,1
EDEN GROUP,1
Hensonburg Group,1
Magdalena Grp. - Atokan Series,1
Fort Union Grp,1
Upper Helderbergian Grp.,1
Bathurst,1
Lower McLeansboro,1
Nafferton Coal Group,1
Pea Grit,1
BRACHYPTERIDAE,1
Karkar Series,1
Shimanto Group,1
Potosi,1
Umar,1
Salt,1
Chijinbu,1
Pinkerton/Honaker Trail,1
Paducah Group,1
STRAWN GROUP,1
Enid,1
Cabuérniga,1
Bridgerian,1
Celcius Bjerg,1
MANCOS,1
"Traverse Grp., probably",1
Lebu,1
Bagh,1
LOWER ROTLIEGEND,1
Jiyuan,1
Muschelkalk Group,1
C,1
Schistes des Feijas externes,1
Balta,1
Série du Sidi Khriali,1
Yaeyama Grpup,1
Austin Grp.,1
Sables de Cuise,1
Basden,1
Sanpozan Group,1
Ripley Group,1
Palm Spring Group?,1
Maantang,1
Changshan Grp,1
Kai-iwi Group,1
Pamlico,1
Carbondale Grp.,1
Bend Series,1
Grupo Raneces,1
Kinderhook Grp. (auth. Miller),1
Maikop,257
Churchill River,257
Kawakita Group,2
Rio Concepcion,2
Montagne Noire,2
Prospect Mtn Group,2
Urahoro Group,2
Kunnui,2
Avon,2
soil,2
Travers,2
Bahia,2
Limestone coal,2
MIDDLE BUNTSANDSTEIN,2
Birdseye Grp,2
Ithaca,2
PAMUNKEY,2
Green River/Wasatch,2
Highland Border Group,2
Bayan-Gol,2
MIDDLE LEBACH,2
Osage Grp.,2
Quamby,2
Colorado - Greenhorn,2
Mulga Downs Group,2
Eribugai,2
Maplewell Series,2
Shiragi,2
Reefton Group,2
Terlingua,2
SILVER PEAK GROUP,2
Illawara Coal Measures,2
Rezepin Beds,2
Carbon Ridge Group,2
Brandenberg Group,2
Canadian Group,2
Chari Group,2
Shintotsukawa,2
Teragi,2
Iki Group,2
Lima,2
Tiouririne Formation,2
Skiddaw,2
Craven Group,2
Aalenian,2
Des Moines Supergroup,2
Missoula Grp,2
MUSCATATUCK GROUP,2
Archipelago,2
Scoharie,2
Lower Merioneth Series,2
Belly River Grp.,2
Independencia,2
Newlands,2
Upper Chester Grp,2
CHESTERIAN,2
Selma Chalk,2
Big Blue Grp,2
Podolski Series,2
Eyre Sand Group,2
Inei Group,2
Nampo,2
Millbuie Sandstone,2
Lower Kadonosawa series,2
Chester Series,2
Priesthill Group,2
Koipato Grp,2
Ancon Group,2
HERMOSA GROUP,2
Esmeralda,2
Narbeth Group,2
Panoche?,2
Shimokita,2
Frontera,2
Cabanillas Group,2
h,2
Magdelena Group,2
Upper Trenton gr.,2
Lower Yezo Group,2
Bollibokka Group,2
HAMADIENNES SERIES,2
MORIEN,2
El Relincho,2
Calcare di Perledo,2
Traverse Grp.?,2
Carcassonne Group,2
marine terrace,2
Krijtkalk Groep,2
Bell River,2
Jeffersonville Ls,2
Knobstown Group,2
Bala Grp,2
Shasta Diatomite,2
EAGLE FORD,2
Lower McKay Group,2
Fleming Group,2
Ribband,2
Callovienne,2
Upper oil-shale Group,2
sea floor 30' deep,2
Lameta Grp.,2
HELDERBERG GROUP,2
Dwyka Shale,2
Cheikhia,2
UPPER,2
Green Point Group,2
Sharon Group,2
Nemuro,2
WINDSOR,2
Stormberg Series,2
"Coal Measures Supergroup, Pennant Sandstone Group",2
slope wash deposits,2
Lower Nevada,2
Mitu,2
Yatuo group,2
BLUE RIVER GROUP,2
White Knob,2
Meadowtown,2
Jackson or Vicksburg,2
montana group,2
Quebec or Taconic,2
Black River Grp.,2
VIEJA,2
Catombal,2
Chatburn Limestone Group,2
Corryville,2
Qasr-el-Sagha Series,2
Dahomey Basin,2
Moosehorn Ls,2
Kwango,2
Ajax Kalk,2
Tabera,2
Hannibal Group,2
Autunian,2
Magdalena Grp.,2
Fayette,2
Solnhofen Limestones,2
Dresbach Grp,2
Marble Falls Group,2
Bu en Niran,2
Suenomatsuyama Series,2
Choshi,2
Waipahi,2
"Cape Supergroup, Witteberg Group",2
Hota,2
L. Ludlow,2
Loess,2
Pocahontas Group,2
Missouri Group,2
Jackson Fm,2
Nacimiento Group,2
Stampien,2
Narrows Beds,2
Warsaw Grp,2
Palma Real Group,2
Torlesse,2
Kaeng Krachan,2
Carmanah,2
Bhadrar,2
FT. PIERCE GROUP,2
Takaku Group,2
Fredericksberg,2
WABAUNSEE GROUP,2
Mancos Grp.,2
Hawkesbury Series,2
Maaree,2
Prairie du Chien Grp,2
CUCUJIDAE,2
Pagodroma,2
Nisi-Nakayama Formation,2
Kadonosawa,2
Qingshan,2
Novogeorgis,2
Kochigatani Group,2
Gympie,2
Grès Rouge,2
Wilgunya,2
Shimofusa Group,2
"Red Beds of Texas and Oklahoma, Vanoss Group",2
Conasauga,2
Deep River,2
Mytilini,2
Kekenodon Group,2
Wisconsinan,2
Heytesbury,2
Te Kuiti Group,2
Upper Parmeener,2
Kuchinari,2
Centerfield,2
Chazy Limestone,2
Khyuktinsky,2
VIEJA & BUCK HILL,2
Narita,2
Carcar,2
Surgent Group,2
Nashville,2
BROWNSPORT GROUP,2
Segui,2
Martinez,2
Richmond Group (Clarksville group),2
Peninj Gorge,2
river terraces,2
Itarare Group,2
Huddi,2
Naka,2
Byro,2
Salem,2
Vicksburg Fm,2
Potsdam Gr.,2
Cemenstones,2
White Pine Group,2
Admire Group?,2
Puca Grp,2
Ingleside,2
Kuga,2
Upper Marine,2
Hamilton Grp. equivalent,2
CIIDAE,2
Irrawady,2
Gaptank-Canyon Group,2
Merino,2
Areada,2
Canadaway or L. Conneaut Grps.,2
Middle Lias,2
ARAD,2
Chari,2
Mercia Mudstone Group,2
HUDSON RIVER GROUP,2
Onondagan,2
Il'inskaya,2
Arikaree Grp,2
Claiborne?,2
Sichuan,2
"Washita Group, Comanche Series",2
Frederickburg Group,2
Borden (Knobstone) Group,2
Devonian,2
Denver-Arapahoe,2
Kinsey Canyon,2
Santa Margarita,2
Messiouta,2
Pitoushan,2
Labinskaya,2
Ochi,2
Laki Group,2
Poludennaya,2
polyzoal limestone of Marrawah,2
House Limestones,2
Back Creek Group,2
DRYOPIDAE,2
Sellersburg,2
Waterline Group,2
Valmy Grp,2
Thames Grp.,2
Bambushy Group,2
Yemen Volcanic,2
Iwamura,2
Trenton (Simulatrix bed),2
Stuhini,2
Hudson River Grp.,2
Uchiura Group,2
Lower Buntsandstein,2
LOWER PLEITO,2
Shinarump,2
Tedori,2
MAYSVILLE STAGE,2
Treadwater Group,2
TULSA GROUP,2
Saheb el Rhassel,2
Kaskaskia group,2
Rio Huso,2
"Gosport Sandstone Member, Claiborne Group",2
Sandstone series,2
Podkoomskay,2
Spence,2
Okse Bay,2
Eyre,2
?Corniferous Grp.,2
Lambton,2
Tunnel City Group,2
ATTELABIDAE,2
Hitoegane Formation,2
Eday Flagstone Group,2
Saarbrucken,2
Jince,2
Bonanza,2
Lorraine Grp.,2
Munising Group,2
Mancos,2
Washington,2
Pulliam,2
Gallup/Mancos,2
Xarqung,2
Khasi,2
Santa Barbara formation,2
Giron,2
Crag Grp,2
CLINTON GRP,2
CHEROKEE GROUP,2
Barnsley Thick Coal,2
Los Sombreros,2
Pucara Group,2
San Pedro Group,2
Rebun,2
Zongpu,2
Etchegoin Grp,2
Hallstatt Facies,2
Nymboida Coal Measures,2
"Lexington Ls Grp, Upper",2
Cutler Grp.,2
Yanji,2
Appekunny Argillite,2
Guyabo Grp,2
Sierre de Olte,2
Lower Oil Shale Group,2
Itoshiro,2
UPPER LIAS,2
Hedmark,2
Otter Creek Coral Bed,2
Lower Ecca,2
VIEJA GRP.,2
Nanao,2
Lower Jijicao,2
Clematis,2
Gurye,2
M\,2
Birmingham Group,2
GUalanday,2
COPACABANA?,2
Chickamauga Grp,2
Sotoizumi,2
Providence Ls,2
Scottish Lower Ls grp,2
Pedee,2
Lambeth,2
Volcano Peak,2
Greene,2
Hawhorn,2
2e Bani,2
Unknown,2
Mba Group,2
Waldron,2
Huyiachura,2
JACKSON,2
Nama Group,2
Hamilton Grp.,258
"Wealden Supergroup, Weald Clay Group",1282
Waipapa,3
Nuevo Leon,3
West Falls Grp,3
Jefferson City,3
Bangestan Group,3
Golden Grove,3
Boskovice Graben,3
Kelemute,3
c,3
Ulster White Limestone,3
St. Paul Group,3
buntsandstein,3
Cornbrash,3
U. Burlington,3
Jackson Grp.,3
Edenian,3
Hawker Group,3
Homberg Group,3
Minochi,3
Bracklesham Grp?,3
Ara,3
Achotal,3
Bell,3
Windermere,3
"Carboniferous Limestone Supergroup, Edge Coal Group",3
Greenland Gap Group,3
Wanwanian,3
Badong,3
Tanabe,3
Honto,3
Ballantrae Group,3
Edwards,3
Genessee,3
Yatsuo,3
Nogata,3
STRAWN,3
Vilquechicho,3
Jusanhama,3
Copacabana Grp.,3
Sarka,3
Ord Group,3
Awa,3
VICKSBURGENSIS,3
DOCKUM?,3
Saragai Group,3
Ogalalla Group,3
Lower Greensand Grp.,3
Te Aute Group,3
Trang,3
Mikasa Group (bed 3c),3
Upper Scotland Group,3
"Old Red Sandstone Supergroup, Downton Group",3
Shinarump Group,3
Seneca Group,3
Chuar Group,3
Cheming,3
Hauterivian-Barremian,3
Tierra de Lara,3
Trempealeau Grp.,3
Ridge Basin,3
Headon Hill limestone,3
Blythesdale,3
Division A,3
Austin Grp,3
Shiramizu Group,3
Millstone Grit,3
Peñasco,3
Empire formation,3
Blue River,3
Coniaciano,3
Qiulitag,3
Plattenkalk,3
LIAS GROUP,3
Sollent Grp,3
Nishitama,3
Ofunato,3
Tornillo Grp,3
Genshaw,3
Livingston Group,3
Remigolepis Group,3
El Foyel,3
Grès du massa,3
HACKBERRY GROUP,3
Alt Ddu,3
Intertrappean Series,3
Relay Mountain,3
Högklint,3
Craghead,3
Hilltop Formation Group,3
Meganos Group,3
Nakagawa Group,3
SHAWNEE GROUP,3
Murrisk,3
Gannett,3
Mabou,3
Bell Island Group,3
Dockendorf Group,3
Washington Land,3
Upper Carbonaceous Series,3
Tulung,3
Dresbach Group,3
Tremadoc Sh,3
Gemuk Group,3
Fairfield,3
Dulankara Horizon,3
Beekmantown Grp.,3
Slavyanskoy,3
Launceston Group,3
Tellian,3
LIMESTONE COAL,3
Second Bani Sandstone Group,3
Des Moines Supergroup?,3
Cornwallis Grp,3
Pictou Grp,3
"Carboniferous Limestone Supergroup, Middle Limestone Group",3
Mari Mari,3
Belt Spgrp,3
Agadez,3
Corniferous Grp,3
ALBEMARLE GROUP,3
Bolton Grp,3
Cutler Grp,3
Edmonton Group,3
Venango Group,3
Oil-Shale,3
Seaspray,3
Tealby,3
Labrador Grp,3
Keokuk? Group,3
Portage Grp.,3
NASHVILLE GROUP,3
Nanxiong,3
North Hill Group,3
Othrsi,3
Guyang,3
Osaka Group,3
Thung Salian,3
Bainbridge Group,3
Asitka,3
Schiste de Feijas externes,3
Kanokuran,3
Janita,3
Toledo Mountains,3
Madera Grp.,3
Sandia,3
Thaynes Group,3
Tampeiskaya,3
Canyon Group [Strawn Group],3
Lahontan Valley Group,3
Coralline Crag,3
Miharaiyama,3
NIAGARA GROUP,3
Fairholme,3
Downton Castle,3
Mercer Coal Group,3
Kanmon,3
Canadaway Group,3
Arakawa group,3
Ranikot Series,3
Brownsport Gp.,3
Slite Grp,3
Ada Group,3
St. John Group,3
Kawakami Group,3
Riversdale Grp,3
Suishishan,3
Téfidet,3
Lower Muschelkalk,3
ST JOHN GRP,3
Cuyahoga Group,3
Los Cabos Group,3
Tacbal,3
Waterlime Group,3
Montoya Grp,3
WICHITA GRP.,3
Eifel Group,3
Middle Beaufort Series,3
Houston Group,3
Red Eagle Limestone,3
Whichita Grp,3
Vetluga,3
Des Moines Group or Missouri Group,3
St Louis Group,3
Brownsport,3
SPITTAL BEDS,3
Jiri,3
Tubarao,3
Ely Group,3
Counsel Grove Group,3
Poway,3
Orangeburg Grp,3
Mulloch Hill Group,3
Ogasawara Group,3
Onondaga Salt Group,3
PHOSPHATE SERIES,3
Matawan Grp,3
Chinle Grp,3
HAMILTON,3
L. Oil-shale,3
Lexington Group,3
Mawddach,3
Marayes,3
Rio Ceira,3
Kathwanga Series,3
Purgatoire,3
BEAUFORT,3
Orca,3
Priesthill Grp,3
Benton Grp,3
Upper Helderberg Grp.,3
Armendaris Grp,3
Buffalo Wallow Group,3
Phosphoria Group,3
Huangcha,3
John Day,3
Tubera,3
Sapulpa Grp,3
Ardwell,259
Crochett,4
Sylacauga Marble Grp,4
Ezo Group,4
Waterlime,4
Gamskaya,4
dune deposits,4
Mangahela Group,4
Glenns Ferry,4
Clyde Group,4
Clarence Series,4
Ipswichian gravels,4
Wildcat formation,4
Stewartry,4
Shinosa Group,4
Caseyville Group,4
Shventoji,4
Winsor,4
Punta Gorda,4
Cloyd Conglomerate,4
Lower Ottweiler,4
Richards Bay,4
Middle Deltaic,4
Foldvik Creek,4
Claiborne and Ocala,4
Bertie Group,4
RANCOCAS GROUP,4
Archipelago Group,4
Muro Group,4
Barrow,4
Ludlow Group,4
Jieza,4
Bass Islands,4
Cherokee Grp,4
Smoot,4
Penkill,4
Warwickshire,4
CHASE GROUP,4
Upper Downtown,4
Marble Mountains,4
MARNES A TRIPOLIS,4
Mittlere Ser,4
Joseon,4
Itapucumi,4
Calciferous,4
Souar,4
Tulong,4
Toundoute,4
Chatwall Group,4
Messinian,4
Konosé,4
Coralline Oolite,4
Bani,4
Bluefield Group,4
Yatsuo Formation,4
"Wolfcampian Series, Council Grove Group",4
Pele La,4
Ryukyu Group,4
Crag Grp.,4
CHAZY GROUP,4
Taouratine,4
Rewan Group,4
Gog Grp,4
Bromsgrove,4
Catskill Group,4
San Rafael Grp.,4
Franconia,4
Cedar Valley Grp,4
Fox Hill,4
Cutler Group,4
Fars Group,4
CLEAR FORK GRP.,4
Llanvirn Series,4
Plattsville Group,4
Ryugase,4
Lagudarsi,4
MUSCHELKALK GROUP,4
Totora,4
Río Colorado,4
Stapeley Volcanic,4
Byers,4
Seifener Group,4
NEWARK,4
Piedra Pintada,4
Smithwick Group,4
Madison Grp,4
TAYLOR GROUP,4
Shiguai,4
Utica Grp.,4
Portlandian Limestone,4
Hemse Grp.,4
Bass Islands Grp,4
AMSDEN,4
Detroit River grp,4
Toyonishi Group,4
Nooksack,4
Gyirong,4
Paraiba,4
Brånik Limestones,4
Corniferous-Hamilton Grp.,4
Turkana,4
shell midden,4
Lower Rhine Embayment,4
Colorado Grp.,4
Areado,4
Fox Hills,4
Heron Group,4
Byrd,4
Hatter Group,4
McArthur Grp,4
Huainan,4
Ashiya Group,4
Liupanshan,4
Maldon Inlier Group,4
probably Corniferous Grp.,4
diatomite,4
Hoh Melange,4
Rhiwlas,4
Karmutsen,4
Salt Lake Group,4
Arisaig,4
Belaglinnskaya,4
White Limestone Supergroup,4
Conception and St. John'ss,4
Santos,4
St. Lawrence,4
Halla Group,4
Anyuan,4
El Tranquilo,4
Nakaminato Group,4
Medina Grp.,4
Great Valley Group,4
Uwajima,4
Bighorn,4
Lower Pogonip,4
Pavlodar,4
Yunagaya Group,4
EAGLE FORD GROUP,4
Enlashan,4
Gila Group,4
Pentremital Limestone,4
CAPE RANGE GROUP,4
Rosário do Sul Grp,4
Visby,4
Lower Marine,4
Yan Gou,4
Augusta (Osage),4
Khussak Group,4
Fredericksburg Grp.,4
Ponticheskiy Series,4
Black Band Group,4
Sirçalik,4
CheLunGou,4
EAGLEFORD,4
Kamloops Group,4
Vineyard,4
Sonyea Grp,4
Saltwick Series,4
Exploits Group,4
Great Oolite Series,4
Rudawa,4
Warsaw Fm,4
Aqua Salada Group,4
Raglan Group,4
Daye,4
CHEMUNG GROUP,4
Ducy,4
Famatina,4
Tongchuan,4
TABLE CAPE GROUP,4
Raneces Group,4
Elton Group,4
Terraba Basin,4
Glen Canyon Group,4
Wealden Grp,4
Naniamo Group,4
Permian  Maizuru,4
NAVARRO GROUP,4
Favel,4
Graford,4
Conemaugh Fm,4
Kekerione,260
Lorraine Group,516
Genesee,2564
Marmaton Group,10756
DAKOTA,5
Lower Cedarville,5
Blairmore Group,5
SALPINGIDAE,5
Tealby Series,5
Atsu,5
Chaqupu,5
Ohirayama,5
Umpqua Gr,5
ALLEGHENY GROUP,5
Lotochai,5
Green Canyon Grp,5
Santa Bárbara,5
Empozada,5
Jerusalem Mount Inlier Group,5
Matsuo,5
Lower Helderberg Grp.,5
Springer Group,5
CHESTER SERIES GROUP,5
Inai,5
Fredricksberg,5
Sanchu Group,5
Kuling,5
Onandaga Group,5
RIPIPHORIDAE,5
Mae Moei,5
Carlsbad Group,5
Hauptdolomit,5
Pedroso,5
"""Ecca""",5
Durst Group,5
Cache Creek Group,5
Idaho,5
Sonnebait,5
Strzelecki Grp,5
San Pablo?,5
Sirius,5
Latady,5
"Carboniferous Limestone Supergroup, Great Scar Limestone Group",5
Neuquen Group,5
Shan,5
Whitt Group,5
Achelome Grp.,5
Caradoc,5
Hattons Corner Group,5
Scotland Group,5
Cayugan Grp,5
Durst Grp.,5
Bugishu,5
Selbourne Group,5
Plattville Group,5
Upper Helderberg,5
Myongchon,5
Williamson,5
Kahleberg Grp,5
Grant,5
Edmonton Grp,5
Antalo,5
Yugashima Group,5
Nanaimo Group,5
Dockum Grp,5
GUADALUPE SERIES,5
Grauwake,5
Setogawa Group,5
Kirthar Series,5
Montana?,5
Connemaugh,5
Crab Orchard Group,5
Domengine Formation,5
Dorud,5
Thini Chu,5
ARIKAREE GRP.,5
Ozbak-Kuh,5
Knobstone Group,5
Burlington? Group,5
Whalen Group,5
Lower Bozeman,5
Cisgo Group,5
Portland Oolite,5
Strawn (Upper),5
Kojol Series,5
Great Valley Series,5
Mitchell,5
Kenai,5
Council Grove Group to Chase Group,5
Itararé,5
Simcoe Group,5
Dunleith Group,5
Taodonggou,5
Wilpena Grp,5
Larapinta,5
Monongahela,5
WILDCAT GROUP,5
Accraian Group,5
XinErTai,5
Judith River Grp,5
Agua de la Peña Group,5
Ballymoney Series,5
Woods Bluff,5
Cataract Group,5
Yoshii,5
Gravel Point,5
YinGou,5
Ubeidiya,5
Rusinga,5
Tokigawa,5
Inverclyde,5
Lingula flags,5
Limestone Group,5
Balqa Group,5
Chico Group,5
Klinteberg Group,5
Marree,5
Telian,5
Bass Island Grp,5
Ootatoor,5
Niagara Grp,1797
Karewa Group,6
Chaya,6
Ochelata Group?,6
Nefsy,6
Windsor Group,6
Meliata,6
Sonoita,6
siinter deposits,6
Gissard Group,6
Chugwater Group,6
Blackwater Group,6
Stevns Klint,6
MERRIMBULA,6
Etcheminian Group,6
Upper Tugulu,6
Itacurubi,6
High Rock Group,6
New Albany,6
Nanyongei,6
Sunchal,6
Drummond Group,6
Chilhowee Group,6
Penkill Group,6
Chesterfield Grp,6
Shidaka,6
Bighorn Group,6
Dunkard Group,6
Chester Grp.,6
Boquillas,6
Camregan Group,6
Kabalar,6
Risong,6
Oquirrh,6
Oil Shale Group,6
Reventazon,6
Bestamakian Suite,6
Omi Limestone Group,6
Miette,6
Korumburra,6
Purbeck Limestone Group,6
POGONIP GROUP,6
DOCKUM,6
Thorn,6
Wanaka,6
Red Bluff,6
Moore Hollow,6
Middle Estuarine Series,6
Drummond,6
Champion Bay Grp,6
Jaggang,6
Westhaven,6
SHUANG-TA-SI,6
Daban,6
Chosen Grp,6
Monongahela Group,6
Akasaka,6
Judith River Group,6
Durness,6
Daxinggou,6
South Platte,6
Shimantogawa,6
Glyn Gower,6
Ochelata Grp,6
Upper Marine Group,6
Khari,6
JiaChun,6
Kielce facies,6
Comanche Group,6
alluvium,6
Scalby Series,6
imlayi,6
Tecocoyunca Group,6
Dwyka,6
ChenJiaBa,6
Uwajima Group,6
Pulubalang,6
Sahtan,6
Charee,6
Fukumoto,6
Lower Oxford Clay,6
Lower Namyau,6
Jixi,6
"Old Red Sandstone Supergroup, Red Marl Group",6
Xiaoyunwushan,6
Golconda,6
Werblud,6
Shiobara,6
Millsap Lake,6
Spileccian Group,6
Fundy,6
Tamworth,6
Wesenberg,6
Putchum Group,6
Karterit Cliffs,6
Carboniferous Limestone,6
Morozaki Group,6
Stanley Group,6
CHEROKEE,6
LORRAINE GROUP,6
GALENA GROUP,6
Tyaughton,6
Gyeongsang,6
San Fernando Group,6
Maitland Group,6
MELANDRYIDAE,6
Manzano Grp,6
Sanborn,6
buttle,6
Oum Douil Group,6
Edmonton,262
Grey Limestone Series,262
Admire,518
Marmaton,4358
Setul,7
Monte Cristo,7
Meonkopi Grp,7
Saragai,7
Lameta,7
Albemarle,7
Pastos Grande,7
Lower Group 4,7
Summer,7
East Branch Group,7
Paysandú,7
Lishuwo,7
St. George Group,7
Sawatch,7
Schiste Coblenzien,7
Etendeka,7
Yezo Supergroup,7
Sindong,7
Yan Chi Wan,7
Kamihei,7
Francis Creek Shale,7
Hueco,7
Indosinias,7
Kamikoshiki,7
Fort Benton Group,7
Hackberry,7
CLERIDAE,7
Coraliferous Group,7
Potsdam Grp,7
Gaspé Sandstone,7
"Coal Measures Supergroup, Pennine Coal Measures Group",7
Vrysses,7
Astoria Formation,7
Haljala Group,7
Turinskaya Series,7
Bisbee Group,7
Viola Limestone,7
ADERIDAE,7
Chase Grp.,7
Mictaw,7
BRIGHTON GROUP,7
Honaker Trail,7
Castle Hayne,7
Melawi,7
Pamunkey Grp.,7
Mauchline Volcanic,7
Wuji,7
Coniston Group,7
Eagleford Grp,7
Anguille,7
Telimele,7
Acteonella Series,7
Wildcat Formation,7
Lutetian,7
Fort Pierre Grp,7
Keyser,7
Kugitang,7
Carcassonne,7
Fredericksburg or Washita Grp.,7
Rat Buri,7
Susquehanna,7
"ROTLIEGEND, UPPER",7
Santee Grp,7
"Yezo Group, Upper",7
Lettenkohle,7
Kewanee Grp,7
Selztal,7
Ochi Group,7
Batley Series,7
Kekerione Group,7
Putchum,7
Raga,7
GYRINIDAE,7
hall,7
Upper Midway,7
Blue Mountain Series,7
Waitakere,7
Utica,7
Outer Feijas,7
Horsetown,7
Nariwa,7
Shoalhaven Group,7
Mersey,7
MAYES GROUP,7
Hovin Group,7
Malm,7
FORT BENTON,7
Konvunchana,7
Scucsciuch,7
Arcturus Grp,7
Tariquide,7
Bala,7
Scalent,7
Ancholme  Group,7
Nacimiento,7
Fresnal Group,7
Pine Creek,7
"Helderberg, Lower",7
Cromer Knoll,8
Feishui,8
Kwakami,8
"CONEMAUGH, LOWER",8
Burlington Grp.,8
Puesto Viejo,8
Dundas,8
Jijigou,8
Crag Group,8
Imperial,8
Headon Beds,8
Suberidani,8
Steinmergel Gruppe,8
Lightning Ridge Group,8
Bullion,8
Onondaga Salt,8
Quebec Grp,8
Mayes Group,8
Valudayur Group,8
Kuragan Suite,8
Maentwrog Series,8
Pleasanton Grp,8
Oxford,8
Morien Group,8
Upper Hamilton Grp,8
Kuriwao,8
Ojika,8
Costabella,8
CHESAPEAKE,8
Pernarth,8
Yaoso Group,8
Sakamena Grp,8
Lincoln Formation,8
Izégouandane,8
Baie de St-Vincent,8
Sadlerochit,8
Sanguinheira,8
Simojovel Grp,8
Lower Scotland Group,8
Pennington Group,8
Wierland Grp,8
Cochabamba,8
Catskill,8
Eagle Ford Grp,8
MYCETOPHAGIDAE,8
Takakurayama,8
Tubarão,8
Chalk Grp.,8
FT. PIERRE,8
House Range Group,8
Houlaomia,8
Takamizuyama,8
Skal'skii Horizon,8
Gaspe Sandstone Grp,8
Saint Louis,8
Kazusa Groupq,8
brown shale,8
Öved-Ramsasa,8
Dent,8
West Falklands Group,8
Lambie Group,8
Copper Basin Group,8
Quebec group,8
Bowie|Wichita,8
Wutong,8
"Carboniferous Limestone Supergroup, Clwyd Limestone Group",8
Bonneville Group,8
Phosphoria,8
Beaufort?,8
Wadi Thamit,8
Wayne,8
Sasayama,8
Mogotuin Suite,8
Morien Grp,8
St. Pauls Group,8
Surgent,8
LO FOCHAI,8
Ichishi,8
Sakoa,8
Kashevarof,8
Salada,8
Onekakara,8
Lee Group,8
Shakespeare Group,8
Whittingham Coal Measures,8
Tiefe Group,8
Ogasawara,8
Lower Colorado Group,8
Llandeilo Series,8
Taishaku Limestone,8
Hudson Grp,8
Nicola,8
Favosamaceria cooperi,8
Mascarene,8
Warsaw,8
Yojoa Group,8
TRENTON GROUP,8
Bozeman Grp,264
Linden Group,264
Shelve Group,9
Shoalhaven,9
"Old Red Sandstone Supergroup, Lower Old Red Sandstone Group",9
Navan,9
Springer,9
Ludlow Shales Group,9
Fejej Basalts,9
Rio Sabinal,9
Temblor Grp,9
Java Grp,9
Khanuiskaya Series,9
Franciscan Group,9
Hockberry Group,9
RIVERDALE GROUP,9
Lower Pechorskaya Series,9
Hogklint Gp.,9
Temi,9
Sandstone Series,9
Caddo Creek Group,9
Talbot,9
Wupataerkan,9
Morgan,9
Llandeilo,9
Mahmoud,9
MONTANA GRP,9
Fukagawa,9
Série de Sidi Khriali,9
Hidaka,9
Hashiura Group,9
Karoo System,9
Lofochai,9
Iojima,9
Naktong,9
Jilga,9
Daguanshan,9
Caiuá,9
Tecocoyunca,9
Shadoron,9
Wasatch Group,9
Inshes,9
Amerboh,9
Driester,9
Muscatatuck Group,9
Sanders Grp.,9
Pendleside Series,9
Lower Evaporite (EZ2),9
Kinderkook,9
Chowchiachi,9
Atoka Group,9
Kotelnich,9
Beaufort Grp,9
Windsor,9
Cooper Group,9
Hyd Group,9
Lochkov limestone,9
Ft. Pierre,9
Black Shale and Coal,9
New Albany Shale,9
Gray Sandstone Group,9
Thurso Flagstone Grp,9
Little Stave Creek,9
Bon Tsagan,9
Siwaliks,9
Upper Fredericksburg Group / Lower Washita Group,9
Miguasha,9
Quillquinan,9
Merced,9
Kinderhook Series,9
Miroku,9
Kilwa,265
Great Oolite,777
Saraburi,10
Avon River Group,10
"Lias Group, Bucklandi Series",10
Slitte Gp.,10
Peyton,10
Ludlow,10
Saouaf,10
lower Arikaree,10
Mauch Chunk Bluefield,10
ANTHICIDAE,10
Iwamuro Group,10
Central Plain,10
Dalhousie,10
Bullhead,10
Lewes River,10
Hayrhan and Salany-Gol,10
Horsetown Group,10
Gaspe Bay Grp,10
Botwood Group,10
Mairangi Group,10
black shale,10
Zhayanluoer,10
Calciferous Grp,10
SOLENT GROUP,10
Peerless,10
Knox Grp,10
HALIPLIDAE,10
"""Raibl""",10
Lampasas,10
Red Series,10
Dana Bay,10
Po,10
Lake Waco,10
Qujiang,10
Lower Phosphate Series,10
NIAGARA GRP,10
Lower Lukuga,10
Puca,10
Skiddaw Group,10
Cartennian,10
Drakensberg,10
Canyon Grp.,10
Dundargalant,10
Mount Pierre Group,10
Denison,10
Panuara,10
Middle Deltaic [Estuarine],10
Shabakty,10
Oxford Clay,10
Franciscan,10
"SIWALIK, LOWER",10
lower Santa Fe,10
Jiayin,10
Lysogory facies,10
Springer Grp,10
Gros Ventre Group,10
Naples,10
Topanga Group,10
Upper Benue Trough,10
Lower Limestone,10
Blue River Group,10
Moby Dick,10
Crashite,10
Witteberg Group,10
Mud Springs Group,10
Nanushuk,10
Lias Epsilon,10
Ludlow Series,10
Aymestry Group,10
JEHOL,10
Observatory,10
Neungju,10
Alphard,10
Kai-iwi,266
SCARABAEIDAE,266
Ibexian Group,266
Purbeck,778
Conemaugh,1290
Desmoinesian,11
Redbank Plains Series,11
Crab Orchard Mountains Group,11
Shimajiri,11
Deese Group,11
Srbsko Beds,11
Wood Bay Group,11
Cementstones,11
CANYON GROUP,11
Schoharie,11
Blue River Grp.,11
FOX HILLS GRP,11
"SIWALIK, UPPER",11
Benton,11
CENTRAL PLAINS GROUP,11
Lower Stromness flagstone,11
Xinganling,11
Los Menucos,11
Laiyang,11
Shirimazu,11
Bowan Park,11
Saint Paul Group,11
Onogawa,11
Santa Fe Grp,11
Tradewater Group,11
Mifune Group,11
Nararro,11
Pedee Group,11
Lower Old Red Sandstone,11
Kilmore Sandstone,11
Jaintia,11
Potsdam,11
Dashuigou,11
Kaibab,11
Chupadera,11
BORDEN GROUP,11
Codroy,11
Middle Oxford Clay,11
Manlius Fm,11
Drummuck,11
Ube Group,11
Fushun Group,11
Chadakoin Grp,11
Série des Oulad Bahloul,11
Merecure Group,11
Agé,11
Yosa Group,11
Bayanhar,11
Dagi,11
Ratburi,11
Meniscus,11
Kirpichnikov suite,11
Coral Rag,11
Lower Shadoron Series,11
Gog,11
Warsaw Ls,11
Kuji,11
Quillquiñan,11
RANCOCAS,11
Upper Coastal Group,11
Dasheng,11
"Old Red Sandstone Supergroup, Cosheston Group",11
Trinity Grp,11
Sierra de Olte,11
Nevelisk,11
Izumi Group,267
Jackson Group,3083
Lias Group,6667
Bowser Lake,12
Chichibumachi,12
Valle,12
Washita Grp.,12
Beaver,12
Tornillo,12
Transverse Group,12
Encisco,12
Feilden,12
Wessel,12
Sooke,12
LOWER OIL SHALE GROUP,12
LAKE BONNEVILLE,12
Upper Puca,12
Inai Group,12
Canso Grp,12
Gagau,12
Joetsu Group,12
Chiating,12
Middle Sakamena,12
Conewango Group,12
Ladakh Molasse,12
Daekhuriin,12
Santa María,12
Belly River Group,12
Honorat,12
Murree,12
Ichishi Group,12
Saint-Louis Group,12
Gongpuoquan,12
Wapsipinicon Group,12
"Lambert Formation, Nanaimo Group",12
Thurso flagstone,12
Bendigonian Series,12
Knox,12
Thurso,12
Middle Wilcox,12
Borden Grp.,12
Inyan Kara,12
OXFORD GROUP,12
Bahia Laura,12
Penchi Series,12
Mansfield,12
Scoresby Land,12
Indian Springs,12
Aptian,12
Waterhead,12
Kiu-Lung Group,12
Slonta,12
Psammites du Condroz Group,12
Elvins,12
Columbia Basalt Group,12
Kawakami,12
Quadrant,12
Consauga,12
Miyago Group,12
Upper Gondwana,12
Maysville,268
Canyon,780
Lansing Group,33804
Zarzaïtine,13
"Coal Measures Supergroup, Coal Shale Group",13
Milford Haven,13
Heritage Group,13
Rich,13
Pound Subgrp.,13
Austin Chalk,13
Saugh Hill,13
Utica Grp,13
Trenton Grp.,13
Malampaya Sound,13
San Rafael Group,13
Aoqu,13
Krol,13
Isla Soledao,13
West Falls Group,13
LANSING GROUP,13
Cuifengshen,13
Strzelecki Group,13
Cuyahoga,13
Navarro Grp,13
Cherokee Grp.?,13
Hosan Coal-Bearing,13
EROTYLIDAE,13
Sayed Tabib,13
Karakuwa,13
El Mers Group,13
Mulloch Hill,13
Naxing,13
Upper Colorado Group,13
YEMEN VOLCANIC,13
Marambio Group,13
Bhander,13
Roberts,13
Waldron Grp,13
Yeongwol,13
San Viligio,13
Ipswich Coal measures,13
Barail,13
Vrbno and Rejviz,13
Big Snowy Grp.,13
Shiramizu,13
Wagwater Group,13
Beekmantown Grp,13
Kobe Group,269
McLeansboro Group,269
Cromer Knoll Group,781
Wealden,1293
BIG SNOWY,2829
Simpson Group,4365
Genessee Grp,14
Penchi,14
FORT PIERRE GRP,14
Amsden Group,14
Comanche,14
AUSTIN GROUP,14
Arroyo Penasco Group,14
Zohoin Group,14
Restigouche Group,14
Woyla,14
Famenne,14
Toyonishi,14
Upper Old Red Sandstone,14
Cassian,14
Shimousa Group,14
Serie Bahia Laura,14
Newark Valley Sequence,14
Old Red Ss,14
Odernheim - Lauterecken,14
Chesterfield Group,14
Graham,14
Khutsin,14
Lower Oil Shale,14
Grangegeeth,14
Batang,14
HuangCaoPo,14
Shimokurosawa Group,14
Vieja Grp,14
Stonehaven,14
Sanders Group,14
"northern Luangwa Basin, Beaufort Group",14
Uttattur,14
Haenam,14
Ranconcas,14
Elvins Group,14
Inubo Group,14
Valmy Group,14
Lower Limestone Group,14
Livingston,14
Sherwood Sandstone Grp,14
Tuxedni,14
Volcanic (= Lower Oil Shale),14
Cocinas,14
Ballyvorgal,14
Catahoula Group,526
Limon,2062
Limestone Coal,15
Fayum Depression,15
Akdag,15
Mayilashan,15
Silver Peak,15
Chazyan,15
LOCKPORT GRP,15
Cliefden Caves,15
Lebach Group,15
Kondel Group,15
Elk Point,15
"Karoo Supergroup, Stormberg Series",15
Lochkov Limestone,15
Coe Group,15
Kazusa,15
Cape Rawson,15
Vaqueros Formation,15
Bornholm,15
Medina Ss,15
Monmouth Grp.,15
Myachkovian Series,15
Waitemata Group,15
COLYDIIDAE,15
Calcaire grossier,15
Trichinopoly,15
Sendai Group,15
Lykins,15
Sherbrook,15
Bagh Beds,15
Hillhead,15
Zohoin,15
CONEMAUGH GROUP,15
Clackmanian,15
Merbah el Asfer,15
Ioujima Group,15
Sultan Dagi,15
Huerfano,15
Spence Bridge,15
Oka,15
Teremba,15
Bertie Grp.,15
SELMA GROUP?,15
Tanabe Group,15
Kani,15
Ellis Grp,15
Nashville Grp,15
Lufeng Basin,15
Supai,271
Hudson River Grp,527
Kansas City Grp,2063
Goshonoura,16
Umberatana Grp,16
Orca Group,16
Fox Hills Group,16
Khirtar,16
Limestone,16
Lias Grp,16
Payette,16
"Culm Supergroup, Upper Culm Measures Group",16
KANSAS CITY GROUP,16
Thames,16
Panoche Group,16
Wichita-Albany,16
"Karoo, Dwyka",16
Yaque,16
Black Rock Limestone,16
Lower Ludlow,16
Kingsvale,16
"Bassein Group, Arakan Series",16
Tinui,16
Marcellus,16
Hackerberry,16
Des Moines,16
Farwah,16
Lower Oil Shale Gp,16
Casper,16
Salt Lake,16
Hidaka Group,16
Sakasegawa,16
MULGA DOWNS,16
Cumberland Grp,16
Takla,16
Senonian Series,16
CINCINNATI GROUP,16
Upper Beacon,16
Nuussuaq,16
Nevadella,16
Ffairfach Group,16
Red Sandstone Group,16
Babarshan,16
St. John's,16
Utatur,16
Tokarahi,272
Fanning River Group,17
Upper Lukuga,17
Guayuta Group,17
Valmy,17
Tropico,17
St.Louis Group,17
Qusseir,17
Macal Shale Group,17
West Fall,17
TRINITY,17
"Hamilton, Middle",17
Upper Buntsandstein,17
Pocahantas,17
La Amarga,17
Duncannon Group,17
Lower Deltaic [Estuarine] Series,17
Taylor Grp,17
São Bento,17
TORQUAY GROUP,17
Cincinnatian,17
Shasta,17
Tanggula,17
Wadi Thamat Group,17
Chispa Summit,17
CERAMBYCIDAE,17
Verbicaro Unit,17
NEWARK SERIES,17
Hell Creek,17
Huobachong,17
RIO GUATEMALA GROUP,17
Araipe Group,17
OXFORDIAN,17
Delorme,17
Middle Buntsandstein,17
Raub Group,17
Dunkard Grp,17
Millstone Grit Grp,17
MORGAN GROUP,17
Ignacio,17
Buckeberg Sequence,17
LEIODIDAE,17
Culm Group,17
McNamara Group,17
Xinminpu,17
Paint Creek Group,17
Mont-Bernon,17
Jackass Mountain,17
Canadaway,273
Tavsens Iskappe,273
Old Red Sandstone Supergroup,529
Greenhorn,529
Pasayten,18
FT. PIERRE GRP,18
Trenton (Clitambonites bed),18
Plattin Group,18
"Old Red Sandstone Supergroup, Wood Bay Group",18
"West Ural Basin, Tatarian",18
Bolshesininskaya Series,18
Hashiura,18
"Kuzuryu Subgroup, Tetori Group",18
Monmouth group,18
Oshima,18
Lias Series,18
Belle Fourche,18
Cascades,18
Marchmount Inlier Group,18
Haimanta,18
Upper Jijicao,18
Condroz Sandstone Group,18
Lower Lufeng Series,18
San José de Gracia,18
Green Canyon Group,18
Harrodsburg,18
Shinjo Group?,18
Lower Burindi Group,18
Pulluicana,18
Wolfcampian Series,18
Cangfanggou,18
tidal flat sediments,18
Songea Group,18
Naco,18
Kuabgen,18
Cassange,18
Montana Grp.,18
MIGUASHA,18
Callaway,18
Camden Haven,18
Upper Shadoron Series,18
Schooler Creek,18
Wuchang,18
Salina Group,18
Hekou,18
Late Osage Grp.,18
Copacabana Group,274
Araripe,786
Ariyalur,19
Ely,19
Detritic,19
Songea,19
Morrow Grp,19
Cogollo,19
Fort St. John Group,19
Pound,19
Takakurayama Group,19
Mokattam Series,19
Elk Mound,19
ARARIPE SERIES,19
TRAVERSE GROUP,19
Ardwell Group,19
Corniferous,19
Chiatsun Group,19
Eke Group,19
"Chalk Group, Grey Chalk Subgroup",19
Maysville Grp.,19
Hackberry Grp.,19
Vale do Carirí,19
Challenger,19
Suertes,19
Simpson Grp,19
Early Permian,19
Snyder Creek,19
Shawnee Group?,19
Saint Louis Grp,19
Kansas City Group?,19
Nant Hir,19
Angulos,19
Mictaw Grp,19
Hawthorne,19
Monmout,19
Tejon Group,19
"Carboniferous Limestone Supergroup, Middle Carboniferous Limestone",19
Modelo,19
HUNTON,19
Laberge,275
Rancocas,275
Selborne,20
Alleghany,20
Premygdonian,20
werra,20
New River,20
Zenne Group,20
Qinglongjing,20
Polypiers redeposes,20
La Vid-Raneces,20
Bon-Tsagaan,20
Gault,20
Allt Ddu,20
Albany,20
Subathu,20
Kinderhook Grp,20
Ditton,20
McLeansboror,20
Amsden Grp,20
Portage Grp,20
Traverse City,20
Taiyun Series,20
Dan River Group,20
Limestone Coal Group,20
Okobykay,20
Nari,20
Wuli,20
Cowlitz Formation,20
Kirikiri,20
Strathmore Group,20
PAMUNKEY GROUP,20
Rancocas Group,20
Productus Creek,276
Lower Ludlow Shales Group,276
Yatsuo Group,276
Hueco Grp,276
Lara,276
Gorbousha,788
Meade,788
Golden Bay,21
Morrow,21
MARMATON,21
Woods Run,21
Lingwen,21
Animikie Group,21
Cosheston Group,21
Tonto Group,21
Chanarcillo,21
Bayinhe,21
Clinton Grp.,21
Vamoosa,21
Casno,21
Bokkeveld Grp,21
Gronant,21
Glen Eyrie,21
Red Crag,21
Lower Ditton,21
Nuoyinhe,21
Qinglong,21
Port Au Port,21
Conemaugh Grp,21
Claiborne Grp.,21
Rewan,21
North Hill,21
Whitehouse,21
1er Bani,277
Tulsa Group,1045
Manzano,22
Tsunozu,22
Kaixinling,22
Silver Peak Group,22
Riversdale,22
Agua Salada,22
Hamrat Duru,22
Ocala Grp,22
Relay Mountain Group,22
Freeport Group,22
Quebec Group,22
Bajada del Agrio,22
Nishisonogi Group,22
Weald Clay Group,22
Cisco,278
Keokuk Group,790
Bolander Group,23
Asata Nkporo Shale Group,23
Amsden,23
Belalabinskaya,23
Miyazaki,23
"""Pailungchiang""",23
Ravalli Group,23
Xiangyun,23
Gallatin Grp,23
Alazan,23
Manda,23
Madison Grp.,23
Kuldiminskaya Series,23
Petherwin,23
Strathclyde,23
Lotena,23
Rosário do Sul,23
Cementstone Group,23
Pahaoa,23
Namurian Shales,23
Alberta,23
Heritage,23
Vogel River Series (?),23
Selborne Grp.,23
Kirthar,23
Copacabana,279
Twin River Group,791
Arauco,24
Lower Lias,24
Liveringa,24
Derna,24
Aghdarband,24
Salt Mountain,24
Patinasporites densus Zone,24
Argun,24
eolianite,24
Edge Coal,24
Goose Tickle,24
Mud Springs,24
Socorro Series,24
Masseys Creek,24
Yugashima,24
Nanaimo Grp,24
McCoy Group,24
Gila,24
Gadeb Plain,24
Alston,24
Armendaris Group,24
Wealden Supergroup,24
Woodbine,24
Matapédia,24
Sonnebait Series,24
Argana,24
Boyne,24
Newark Supergroup,24
Golden Valley,24
Keyser Group,24
Sangre De Cristo Group,24
Red Bay Group,24
Cabullona,24
Molasse,536
St. George Grp,1048
Hamilton Grp,19992
Khorbusuonka,25
Kap Brewster,25
Bells Landing,25
Arbuthnott,25
Pampa de Agnia,25
Eureka Group,25
Arrialoor Group,25
Othris,25
HYDRAENIDAE,25
Gaspar Sandstone Series,25
Lower Yezo,25
Takhtakay,25
Wick flagstone,25
Edya flagstone,25
Asuncion Group?,25
Upper Coal Measures,25
Upper Greensand Group,25
Kwanmon,25
Newer Parian Group,25
Wasia,25
Hastings Beds,25
PHALACRIDAE,25
Wisconsin,25
Lansing or Kansas City Group,25
Ely Limestone,25
Whitcliffe,25
Maizuru,281
Portland Group,537
Stormberg,537
Lower Gosau,26
Botweed Group,26
Cupido,26
Sanguineira,26
Hamitlon,26
Izee Group,26
North Esk,26
Bronson,26
Bahia Supergroup,26
Wegen,26
Upper Muschelkalk,26
Nama,26
Steinmergel,26
Mont Bernon Group,26
Capita,26
Farrington Group,26
Tetagouche Grp,26
Kawr,26
Oil Shale,26
Hunton Grp.,26
Luzanovka,26
Plattin,26
Otaua,26
Acigöl,26
Panoche,282
"Wealden Supergroup, Wealden Group",282
Carlile,794
Colorado Group,5146
Sergipe,27
Ogallala Grp.,27
Fallotaspis,27
CANADAWAY,27
Gaspe Sandstone,27
UPPER BORDER,27
Santa Rosa,27
Uonuma,27
Adelaide,27
"SIWALIK, MIDDLE",27
Cedar Valley Grp.,27
Majias,27
St. Maughan's,27
Rio Genoa,27
Britton,27
Tabligbo,27
"Itoshiro Subgroup, Tetori Group",27
Nanushuk Group,27
Fort Pierre Group,27
Keketiekedaban,27
Beekmantown,539
Chazy,2075
Trenton,3867
unplaced,194587
Lower Yangtze Block,28
El Abra,28
Decorah,28
Gulf,28
Moenkopi Grp.,28
Roma,28
HUNTON GROUP,28
Lee,28
Akiyoshi Limestone,28
Yoredale Series,28
Mowich,28
Lower Deltaic,28
Ootsa Lake,28
Portland,28
Piegan Group,28
Kaeng Krachan Group,28
Braies/Prags,28
Tornillo Group,28
Karoo Supergroup,28
coastal terrace,28
Cabaniss Grp,28
Ottosee,28
Aratane,28
Odernheim-Lauterecken,28
Tecocoyunco,28
San Pablo Group,28
Twin River,28
Shiqipo,28
Lower Helderberg Grp,28
Newark Supergrp.,28
Penarth,284
Sumner Grp,2588
Wichita Group,3868
Hastings,29
Holitna,29
Downton,29
Khorat Group,29
Brora Argillaceous Series,29
Ktaoua Group,29
CHRYSOMELIDAE,29
Sarmiento,29
Sitaka Group,29
Ripley,29
Shamo,29
Catskill Grp,29
Leinster Coalfield,29
Skiatook Grp,29
Arbuckle Grp,29
Dockendorff,29
Somanakamura,29
"New Red Sandstone Supergroup, Sherwood Sandstone Group",29
Khodzha-Kurgan,29
Split Mountain Gro,29
Narrabeen,29
Drummuck Group,1053
Admire Group,1309
Coal Measures (USA),1309
Lower Greensand/Boughton Group,30
Park City Group,30
Teragi Group,30
Bear River Beds,30
Upper Coastal,30
Complejo de La Vid,30
Maquoketa Grp.,30
Yellow Spring,30
Ryoseki Formation,30
Urbión,30
Ambo,30
Cacemes,30
Tera,30
Sub-Augusta Group,30
Cliffield Group,30
Beaver Bay,30
Mifune,30
Hoboksar,30
Manuherikia Group,30
Dockum Group,30
Albemarle Grp,30
terrace deposit,30
Jolliet,286
Contra Costa,286
Eden Grp,542
Nemtsovskaya Series,31
Caradoc Group,31
Foraker,31
COLORADO GRP,31
Yellow Ls Group,31
Tonto Grp,31
Trichinopolly,31
Warkalli,31
Balqa,31
Buran,31
"Culm Supergroup, Middle Culm Measures Group",31
STEPHENSPORT,31
North Etal,31
Kunda Regional Stage,31
Tristates Grp.,31
Tatsuno,31
Kap Dalton,31
Tottori Group,31
Bonnia-Olenellus,31
Missoula Group,31
LARAMIE GRP,31
Ban Pap,287
Waverly,287
Chatham Grp,287
CHESAPEAKE GROUP,543
Torinosu Group,32
Priesthill,32
Graveyard Creek,32
Kewanee Grp.,32
Parapara,32
Manistique,32
LeMay,32
Lansing?,32
Saugh Hill Group,32
Tristates,32
Pocono Group,32
Second Bani,32
Witteburg,32
CORTICARIIDAE,32
Plantagenet,32
"Helderberg Grp, Lower",32
Wakino,32
Taylor Marl,32
Jefferson City Grp,32
Gelli-grin,32
Cabo Blanco Group,32
Middle Inferior Oolite,32
Artesia Group,32
Onondaga Group,32
RICHMOND GROUP,32
Culm Supergroup,32
Jingji,32
Gaspe Sandstone Group,32
"Ruhuhu Basin, Songea Group",32
Fredricksburg Group,32
Mine,32
Madera Group,288
Arenig Group,1312
Big Snowy Group,33
Old Red Sandstone,33
Sulphur Springs Grp,33
Wenlock,33
Conneaut,33
Tomikusa,33
Albion Group,33
Cedar Valley Group,33
Chaffee,33
Charlestown Group,33
McLeansboro Grp.,33
Lampang,33
Polypiers redepose,33
Fontllonga,33
Toyohashi,289
FREDRICKSBURG GROUP,289
YELLOW LIMESTONE GROUP,1313
Hawthorn Grp.,157985
Kras,34
Brønlund Fjord,34
Bradford Group,34
CHEMUNG,34
San Rafael,34
Lake Bonneville Group,34
Bringewood,34
WHITE RIVER GROUP,34
Cache Creek,34
Montagne de Laon Group,34
Rico,34
Morozaki,34
Chemung Grp.,34
Morgan Group,34
Conception Grp,34
Sheep Pass,34
Faringdon Group,34
Neuquén,290
"Old Red Sandstone Supergroup, Upper Old Red Sandstone",546
Bend Group,6946
Narberth Group,35
Ezcurra Inlet,35
Gosyonoura,35
Morien,35
Codroy Grp,35
Mercia Mudstone,35
Baie de St. Vincent,35
"Old Red Sandstone Supergroup, Red Bay Group",35
Chinle Group,35
Augusta Grp.,35
Omi Non-Calcareous Group,35
La Esperanza,35
Dorsale Calcaire,35
Akiyoshi Limestone Group,35
Kumano Group,35
ACHOTAL GROUP,35
Saint John Grp,36
Ariyalur Group,36
"Old Red Sandstone Supergroup, Arbuthnott-Garvock Group",36
Upper Limestone,36
Nanpihe,36
Yanchang,36
Elphinstone,36
Fernie,36
Falkenberg,36
Eisenberg,36
Greenhorn Limestone,36
Raghama,36
Te Kuiti,36
Tomioka,292
Khirthar,37
Exmoor Group,37
Viola Group,37
Nemuro Group,37
Upper Keuper,37
Pastos Grandes,37
Gelli-grîn,37
Chase Grp,37
Monobegawa,37
Wengen,37
Marias River,37
Irhazer,37
Belait,37
Otway Grp,37
Tejon,37
Ardwell group,37
Oolite,37
Pohang Group,37
Honda,293
Orangeburg,293
Nanaimo,293
Pamunkey,805
Blairmore,38
Kanmon Group,38
Portage,38
THROSCIDAE,38
Uynin,38
WICHITA,38
Xinminbao,38
Akiyoshi,38
Tappu,38
Fort Munro,38
Hinglaj,38
Sanuki Group,38
Tetori Group ?,38
Bahar,38
Mariner,38
Linden,38
Tomikusa Group,38
Vieja,38
Chicama,38
Washita Group?,38
Lomas,39
Laidus,39
Uitenhage Group,39
Pueyrredon,39
Sangara,39
Ossa-Morena,39
Río Chico,39
Madmon,39
Chongqing,39
Sanchu,39
Phuket,39
Santa Fe Group,39
Douglas,39
Lupata,39
Yoredale,295
Salina,295
Council Grove Grp.,40
Wabana,40
Arcturus Group,40
Greenland Gap,40
Greensand,40
Bronson Grp,40
Yangshiping,40
"Karoo Supergroup, Stormberg Group",40
Niobrara Group,40
Lievin,40
Difunta Group,40
Sendai,40
Virgil Group,296
Arikaree Group,552
TRENTON,552
JACKSON GROUP,1064
Lower Cangfanggou,41
Kondel Grp,41
Guayacan Group,41
Kuchinotsu Group,41
Gaj,41
Doswell,41
Chugwater Grp,41
Great Valley,41
Rotliegend,41
Black Mingo Group,41
Waverly Grp,553
C5,1065
Pogonip Group,2345
Arenig group,42
Futaba Group,42
Breathitt,42
Blount,42
Dunkard,42
Shimanto,42
Pondo,42
Bagh Group,42
Western Cascade,42
Bokkeveld Group,42
Brush Creek,42
Upper Phosphate Series,42
Wooramel,42
Uglegor,42
Arrayanes Group,42
Akcay,42
Hemingford Group,42
Uitenhage,42
Yaque Group,42
Shizukawa,42
Strassfort,42
Mesaverde Grp,42
"Atherfield ""Group""",42
Taylor,298
Shemshak,43
Mele,43
Great Scar Ls Grp,43
lower Sandstone Series,43
Red Sandstone,43
Hantaishan,43
Vancouver Group,43
White Chalk Subgroup,43
Yakuno,43
Morrison,43
Nabae,43
Matamaute,43
Bende-Ameki,299
Council Grove Grp,1067
Santiago Facies,44
Naungkangyi Group,44
Upper Horvin,44
Platteville Group,44
Shizukawa Group,44
Tambo,44
Ojinaga,44
Tioriori,44
MONMOUTH,44
Tradewater Grp,44
"Coal Measures Supergroup, Lower Coal Measures Group",44
Puncoviscana Grp,44
Conasauga Grp,44
Ecca,44
ARIKAREE,2860
Hamilton,9260
Maquoketa Grp,45
Passa Dois Group,45
Pogonip Grp,45
Susquehanna Grp,45
Lyckholm,45
Shanggaolin,45
Gigante,45
Auernig,45
Konose,45
Tuxedni Group,45
Ram Group,45
Ada,45
Gangkou,45
Archiperago Group,45
Pineda,45
Upper Ranikot,45
Tsagayan,45
Onondaga,45
ADMIRE,45
Tugulu,45
Lias,301
Kangpa,46
Upper Kadonosawa Formation,46
Longzhaogou,46
Baird,46
Belt Supergroup,46
Wianamatta,46
Mesones,46
Eden Grp.,46
Lisburne,46
Ffairfach,46
Lower Helderberg,46
Trenton Grp,814
Cow Head Group,47
Absaroka Volcanic Super Group,47
First Bani,47
"Chalk Group, White Chalk Subgroup",47
Chelyabinskaya Series,47
Krivaya Luka,47
Kobangsan Series,47
Bullhead Mountain,47
Woodbend,47
Willsher,47
Janggi Group,47
Lockport Grp,47
Daule Gr,303
Star Peak,559
HAWTHORN GROUP,6959
Choptank,48
Hawker,48
Port Keats,48
Thuvu Group,48
Detroit River Grp,48
Sekondi Series Group,48
Cisco Grp.,48
Sandveld,48
Champ Clark,48
Mohawkian Group,48
Wernecke Mountains,48
Trichinopoly Group,48
Lovech Urgonian,48
Hackberry Grp,48
Setouchi Group,48
Green Canyon,48
Iglesias,48
EZ1,48
Zhidan,48
"White Limestone Supergroup, Moneague Group",48
C1,304
Mizunami Group,560
Downton Group,816
Chancellor,1328
Council Grove Group,19504
Katsuta,49
Llandovery,49
Titicaca Grp,49
Long Point,49
Breidavik,49
CABO BLANCO GROUP,49
MONONGAHELA,49
Buck Hill Grp,49
Detroit River Grp.,49
Corallian,49
Hutian,49
High Bridge Group,49
Galena Group,49
Cooper,49
Pease River,49
Taringatura,49
Kericho Phonolites,50
Wapsipinicon,50
Harding,50
Laki,50
Kabutoiwa Formetion,50
Ranikot,50
Hackberry Group,50
Barr,50
Fredericksburg Grp?,50
Hanson Creek,50
Kupang,50
Sassendalen,50
"Old Red Sandstone Supergroup, Rhynie Group",306
White River Grp,2354
Jackson Grp,51
Fernando,51
Pomyr,51
Ayios Photios,51
CLINTON GROUP,51
Omi Limestone,51
Monobegawa Group,51
Shimosa Group,51
Ngao,51
Millstone Grit Group,51
Venda Nova,51
Silica,51
CHESTER,51
SHAWNEE,307
Sasebo Group,307
Chester Group,2611
Montpelier Group,52
Chugwater,52
BEEKMANTOWN GROUP,52
"Beacon Supergroup, Victoria Group",52
Meniscus Grp,52
Tamirgol'skaya Series,52
Chernovskaya,52
Pillahuinco,52
Atan,52
Alston Group,52
Des Moines Group,52
Wilpena,52
Ootatoor Group,52
Detroit River Group,52
Nutov,52
Itapecuru,52
Nuoyin River,52
Gualanday,52
Osaka,52
Set A,52
Lilang,52
Chickamauga,52
Otway Group,52
Black Mingo,53
Osagean Grp.,53
"Old Red Sandstone Supergroup, Psammosteus Limestone Group",53
Sudret,53
Pitt Island Group,53
Isalo,53
Upper Hemse Group,53
Chubut,53
Horton Grp,53
Lower Gosau Subgroup,53
Hua Fai,53
Mizunami,53
Cawdor Limestones Group,53
Conemaugh Group,565
Conewango,54
Gonnesa,54
Aseelah Unit,54
Sinnipee,54
Albertella-Glossopleura (lower),54
Labrador,54
Rio Chico,54
Maquoketa Group,54
Arakay,54
Etivluk,54
Fort Union Group,54
Millsap Lake Group,54
Wentworth,310
Niagara,1078
Monmouth Grp,55
Branik Limestone,55
Bayan Har,55
Narrabeen Group,55
Tobin Fm,55
Pottsville,55
Hamilton Group?,55
Yellow Pine,55
Muscatatuck,55
Xiangshan,55
Kamloops,311
McLeansboro Grp,311
Cisco Group,28727
Qigu,56
Seto,56
Shishugou,56
Chouteau,56
Niobrara,56
Naco Group,56
Lower Keuper,56
Kansan,56
Corniferous Grp.,56
Daleje and Hlubocepy beds,56
Mayaguez Group,56
Vanoss Group,56
Lockport Group,56
Solent Group,15928
Upper Ecca,57
Carrion,57
Barnwell,57
Susquehanna Group,57
Yaeyama Group,57
Cumberland,57
Stonehaven Group,57
Fort St. John,57
MADERA,57
Oriskany Group,57
Belgian Coal Measures Group,57
TUBARA GROUP,57
Galena Grp,313
Black River Group,569
Chesapeake Group,38969
Wealdon Grp,58
Otway,58
Leintwardine Group,58
Gatun,58
Yaruga,58
Columbus,58
Mangapurupuru,58
McKay,58
"Great Britain Superficial Deposits Supergroup, Crag Group",58
Tegama,58
Tobago Volcanic,58
Pucara,570
Windsor Grp,1082
McLeansboro,4666
Yezo Group,6458
Pamunkey Grp,59
Ridge Basin Group,59
NAPARIMA,59
Uchiura,59
Suberidani Group,59
Maizuru Group,59
Lake Frome Group,59
Keokuk Grp,571
TRINITY GROUP,827
Morrow Group,2363
Magdalena Grp,60
Strathclyde Group,60
Kholmsk,60
Calcari nummulitici,60
St. Louis,316
Canyon Grp,828
Malargüe,1596
Ancholme Group,5180
Thung Song,61
Sasebo,61
Ottawa,61
ORANGEBURG GROUP,61
Broken River,317
Kewanee Group,10813
Chico,62
Dakota Sandstone,62
Lockport Grp.,62
Upper Oil Shale,62
Arisaig Grp,2366
Osage Group,5182
Portage Group,63
Rocky Mountain,63
Group des Rich,63
Witteberg,63
Nama Grp,63
Hermosa,831
Tokai Group,64
Oriskany,64
Calcari Grigi,64
Idaho Group,64
Shindong,64
cave earth,64
"Carboniferous Limestone Supergroup, Upper Limestone Group",64
SCRAPTIIDAE,64
Barr Group,64
Ellenburger,64
Allegheny Grp,320
Selma,832
Richmond Grp.,65
Kuruma,65
Edgewood Group,65
Nisai,65
Campos Gerais,65
Utatur Group,65
Myrtle,65
CISCO,65
Patterson Ranch,65
Buntsandstein,577
FORT UNION,1089
Pogonip,1345
Clear Fork Grp,66
Niagara Grp.,66
Karoo,66
Kamikurosawa Group,66
Lafonia Group,66
Wristen,66
Uspallata,66
Pendik,66
Meadfoot Group,322
Hafún,322
OGALLALA,1858
Shaqra,3650
Magnoliopsidae,4930
Upper Visby Beds,67
Rosario,67
Tempelfjorden,67
Judith River,67
Weald Clay,67
Upper Helderberg Grp,67
Arbuthnott-Garvock Group,67
Newcastle,67
Inferior Oolite Group,835
Council Grove,2371
Dresbach,68
Gramscatho Group,68
Ajlun,68
Unplaced,86084
Baqueró,69
Middleton Group,69
Botany Bay,69
Cabaniss Group,69
Wildcat Group,69
"Coal Measures Supergroup, Middle Coal Measures Group",69
Souma-Nakamura Group,69
Osage,837
Hamilton Group,6725
Burnt Bluff,70
Chico Grp,70
Itoshiro Group,70
St. Marys,70
Soma,70
Ramon,70
Bourbon Group,70
Green Point Grp,70
Toyora Group,326
Matawan,326
"Karoo Supergroup, Ecca Group",71
Cimarron,71
Sakamena,71
Coahuila,71
Mba,71
Dan River,71
HELOPHORIDAE,71
MAQUOKETA GROUP,72
"Carboniferous Limestone Supergroup, Yoredale Group",72
Gosau Group,72
Great Scar Limestone,72
Wichita Grp,72
Erunakovskaya,72
Bringewood Group,72
Rancocas Grp,72
Cincinnati Grp.,72
Shimokawa Group,72
Augusta Group,840
Midway,2376
Thames Group,13384
Medina,73
Medina Group,73
Lyons,73
Quebec,73
Fredericksburg Group,9545
Wabaunsee Group,29001
Madera,74
Racoon Creek,74
Murihiku,74
Mannville,74
Takitimu,74
NOT APPLICABLE,74
Reefton,74
CUTLER,74
Ausseing,74
Eday flagstone,74
Newwark Supergroup,74
St John's,74
Chaicay?n,330
"Wealden Supergroup, Hastings Group",330
Maude,1354
Illinoian,75
Guata,75
Bolander,75
Mengkungao Series,75
Subatlas,75
Harcourt,75
Semliki,75
Barmari,75
Traverse,331
Lower Chester,587
COCCINELLIDAE,587
Okeechobee,843
Batain Group,76
Nyker,76
Knobstone Grp,76
Table Mountain,76
HAMILTON GRP,76
Mauch Chunk,76
Dobrotiva Fm,76
Landen,76
Vicksburg Grp,76
Detroit River,76
White River,332
Shiobara Group,332
Edgewood,588
Fort Union,77
Zaluch,77
BARNWELL GROUP,77
Waverly Grp.,77
MONOTOMIDAE,77
Tsagaan Olom Grp,77
Jalainor,77
Supai Group,77
Belden,77
Bihoku Group,78
NITIDULIDAE,78
Mesaverde Group,78
Mata,334
Nashville Group,1358
Alum Bluff Group,1614
Bell Island,79
Ochelata,79
Strawn,79
Buchan,79
Rupel Groep,79
Villeta,335
Pleasanton,80
Meramec Group,80
Raibl,80
Zurmutinskaya Series,80
Central Inlier Group,80
Fifteenmile,80
Ellis,80
Miaoli,336
Blackwater,81
Haima Group,81
Sherwood Sandstone,81
Navosa,81
Madison Group,81
Wangshi,81
Potsdam Group,81
Mauch Chunk Grp,81
Mine Group,337
Gault Group,593
Miyako Group,593
Clifton Down Group,82
Pioche,82
Ditton Group,82
Selma Group,3922
Cherokee Group,4946
Umpqua Group,7762
Mabou Grp,83
Beacon Supergroup,83
Daule,83
Villaviciosa,83
Mauch Chunk Group,83
Paganzo,83
Midden-Noordzee Groep,83
Seven Devils,83
Raccoon Creek,83
Dornick Hill,83
White Limestone,339
Knox Group,84
"Old Red Sandstone Supergroup, Thurso Flagstone Group",84
Arcturus,84
Leitrim Group,84
"Ezillo Section, Eze-Aku Formation",84
Rundle,340
Benton Group,1108
Niagara Group,1620
Hermosa Group,85
Admrial Group,85
Claiborne Group,16725
Tarma,86
Hogklint Group,86
Delaware Mountain Grp,86
Pease River Group,86
Bathurst Island,86
Beacon,86
Rio do Peixe,86
Santa Victoria,86
Clear Fork,854
Trenton Group,2134
Navarro Group,2390
Abadia,87
Eagle Ford,87
Peak Limestone,87
Jehol,343
Bon Tsaagan,343
Kaierero,599
Manitoba,88
Urahoro,88
Cliefden Caves Limestone,88
Manzano Group,88
Sonyea,1368
"Old Red Sandstone Supergroup, Lower Old Red Sandstone",1368
Stewart Valley,3160
Stinchar Limestone Group,89
Bihoku,89
Fossil Bluff,89
Duncannon,345
Goshoura,345
Montana,1113
Simcoe,1113
Mae Sariang,90
Sulphur Springs,90
Tres Marias,90
Conception,90
Ishikari,90
Harper Ranch,90
Eagle Ford - Woodbine Group,346
Chatham Group,3418
Argovian,91
Germanic Trias Group,91
Ardmillan Group,91
Humber Arm,91
Lower Kadonosawa Formation,91
Kochigatani,92
Rolling Downs,92
Colville,92
Dereköy Unit,92
Ellis Group,92
Kobe,92
Tremp,348
Coal Measures Supergroup,1116
Mauch Chunk Grp.,93
Tomioka Group,93
Burindi,93
Dockum,349
Leine,94
Taishu Group,94
BLACK RIVER,94
Malargue,94
VICKSBURG GROUP,350
Tal Group,350
First Bani Group,862
Omo,2398
Gipsdalen,95
Arad,95
lower carbonaceous series,95
Ubagan Series,95
CLEAR FORK,95
Pottsville Grp.,95
Chester Grp,95
Weißjura,95
St. George,351
Chazy Grp,351
Meramec,351
Hunton Group,2655
Kinderhook,96
Hyd,96
Monterey Group,96
Izumi,96
Gordon,96
Washita,10080
"Coal Measures Supergroup, Upper Coal Measures Group",97
Oriskany Ss,97
"Old Red Sandstone Supergroup, Strathmore Group",97
Sundance,97
SILPHIDAE,97
Lower Greensand  Group,97
Allegheny,354
Zechstein Group,99
Ocala Group,99
Matapedia,99
Oncala,99
Turia,99
Kakegawa,99
Wabaunsee,1123
DUNKARD,1635
Traverse Group,10339
Montoya Group,100
Drummock,100
Alma,100
Burlington,100
Ancholme Clay Group,100
Hakobuchi,100
Wealden Group,356
Princeton Group,356
Richmondian,612
White River Group,7524
Alum Bluff Grp.,101
Grey Chalk Subgroup,101
Uonuma Group,101
Champion Bay,101
Ashgill Group,613
Medina Grp,102
El Reno,102
Rusinga Group,102
Miyazaki Group,102
Wayne Group,1382
"mid-Luangwa Basin, Beaufort Group",103
Shioya,103
Manuherikia,103
Dakota Grp,103
Mosby,103
West Progo,103
Kurnub,103
Guban,104
Brownstown,104
Black Creek,104
Bokkeveld,616
Rosario Group,3176
Hemingford,105
Laramie Group,105
"Old Red Sandstone Supergroup, Caithness Flagstone Group",105
Holy Cross Mountains,105
ELATERIDAE,105
Slite Group,105
Chesapeake Grp.,105
Fredericksburg Grp,361
KEWANEE,361
Trinity Group,4457
Kaskaskia,106
Cliefden Caves Limestone Group,106
Eureka Sound,106
Owens Valley,106
Krebs Grp,362
Volcanopelagic Succession,618
Dornick Hills,874
Midway Group,1898
WILCOX GROUP,107
Santa Fe,107
Itarare,107
La Jolla,108
Eden,108
Chemung Grp,620
Timbered Hills Group,109
Waverly Group,109
Fanning River,109
Chapada,109
Gondwana,109
Ored-Ramsasa Group,109
Chickamauga Group,110
Bala Group,110
Crag,366
C3,622
Colorado Grp,1134
CARABIDAE,1134
Arbuckle,7790
Hunton,33646
Eke,111
Escabrosa Group,111
Khan,111
Salta,111
Chuar,111
Ft. Union,367
Cenozoic,1135
Upper Beaufort,112
Fukuji Formation,112
Star Peak Group,624
Fredericksburg,2416
Cayuga Group,113
Infracombe Slates,113
Admire Grp,369
"Great Britain Superficial Deposits Supergroup, Britannia Catchments Group",114
OCALA GROUP,114
CONEMAUGH,370
"Old Red Sandstone Supergroup, Middle Old Red Sandstone",2162
Chesapeake,4210
Prairie du Chien,115
Whitehouse Group,115
Hawthorn Group,116
Ellenburger Group,628
Bertie Grp,9588
Krebs Group,10612
Barmari Group,117
MELYRIDAE,117
Saginaw,118
Lansing,374
Solent,374
Bornu Basin,630
Gosau,630
Kishima Group,2678
Viola,5494
Braunjura,119
Nihewan Beds,119
Columbia River Basalt,119
Siwalik Group,119
Newcastle Group,119
Taga,119
COUNCIL GROVE,375
Inyan Kara Group,120
Kirkerud,120
First Bani Grp,120
Rockhampton,120
West Falls,120
Nojima Group,376
Bowie,1144
Table Head Grp,2936
Cabaniss,121
Enciso,121
Ogallala Grp,1145
Stones River,122
ANOBIIDAE,122
Bird Spring,122
Hamiton,122
Cow Head,890
Shawnee,123
Conasauga Group,123
Toyora,379
Lisburne Group,379
Ramon Group,124
Humber Arm Grp,124
Big Snowy,124
San Lorenzo,380
Imperial Group,1404
Kansas City Group,23932
Cementstone,125
Back Creek,125
Ogallala,1917
Victoria Group,24189
High Bridge,126
DES MOINES SERIES,126
Annaka Group,126
Yongwol,382
Moose River Group,894
Hazelton,894
Delaware Mountain Group,3710
ALUM BLUFF GROUP,44926
Whitcliffe Group,127
Wasatch,127
Monmouth,383
Fredricksburg,128
Mainz Basin,128
Liten,896
Vogel River Series,129
Wayne Grp,129
Fundy Grp,129
Colville Group,129
Namyau Group,129
Montana Grp,385
Great Oolite Group,3201
White River Grp.,7553
Magdalena,130
Ardmillan,130
Siwalik,386
Middle Limestone,642
Carboniferous Limestone Supergroup,1410
Troaon,131
Beaufort Series,131
Allegheny Group,131
Parsons Grp,131
Bisbee,131
Manitou,131
Chouteau Group,132
Belly River (Judith River) Group,132
Plateau Volcanics Series,132
Arthurton,132
LARAPINTA GROUP,644
Selma Grp,1668
Montana Group,14468
Chase,133
Aquitanian,133
Asuncion,389
"New Red Sandstone Supergroup, Mercia Mudstone Group",134
NEWARK SUPERGROUP,134
Bracklesham Group,12166
Princeton,135
Blue Bottom,135
Seheb El Rhassel,135
Upper Border,391
Yezo,391
Puget Group,391
Borden Group,2439
Sixshooter Group,136
Puget,392
Genesee Group,137
Atsumi Group,137
Cincinnati,137
Miyako,393
Hemse,393
New Red Sandstone Supergroup,138
Yellow Limestone Group,138
Twin Buttes,138
Eagle Ford Group,2954
Bocas del Toro,2954
ARBUCKLE,139
Baden,139
Chazy Group,139
Burlington Group,395
Magdalena Group,651
Cherokee,907
Chester,907
Praha Fm,140
El Paso,396
Glenelg,652
Coastal,1932
Lorraine,141
Visby Group,141
Ancholme,141
St. John,141
Peninj,142
Laba,142
Allegheny Grp.,398
Cedar Valley,910
Traverse Grp,5006
"Parana Basin, Rosario do Sul Group",143
Ktaoua,143
White Limestone Group,143
Monte Cristo Group,143
Black Creek Group,143
Navarro,399
Beaufort,911
St. Louis Group,144
Kaskaskia Grp,144
Deese,144
Hamra Group,144
Himenoura,145
Achguig,145
Nebida,145
Sumner Group,401
San Pedro,913
Fuchsia,146
Keuper,146
Austin Group,2450
Simpson,2450
Strawn Group,16786
Keokuk,147
Lothagam,147
Selma Grp.,147
Armendaris,147
Ruby River Basin,148
Futaba,148
Table Head,404
Tetori,404
Skiatook Group,916
Washita Grp,916
WHITE LIMESTONE GROUP,1172
Newcastle Coal Measures,149
Umphang,149
Taebaek,149
Magnesian Limestone Group,149
Genesee Grp,1941
Middle Ecca,150
Hayang,150
Noda Group,150
Aldrich Mountains,150
Austin,150
Blount Group,150
Borden Grp,406
Albertine,1174
Tetori Group,1686
Akgöl,151
San Diego,151
"The Great Britain Superficial Deposits Supergroup, British Coastal Deposits Group",151
Kendeng,151
Inferior Oolite,151
Santiago,151
Road River,151
Cincinnati Grp,408
Edwards Group,408
Stones River Group,408
Krebs,1944
Dakota,6808
Palm Spring Group,153
Middle Yezo,153
Montoya,153
Cuyo,153
Alum Bluff,6553
Artibonite,154
Slite,154
Pottsville Group,154
Pacheco,154
Ravenscar Group,154
Oconee,410
LANSING,155
Seymour Island,155
Kuruma Group,923
Upper Estuarine Group,412
Purbeck Group,1180
COASTAL GROUP,2716
C2,157
Katsuta Group,157
Pitt Island,157
La Jolla Group,28061
Bozeman,158
Monterey,158
Muschelkalk,158
Niagaran,158
Simojovel,158
Himenoura Group,158
Easley Group,158
Potomac Grp,159
Kaskaskia Group,159
New Red Sandstone,159
Clinton Grp,927
Taylor Group,1951
Trinity,1184
Douglas Group,8864
Bug Creek,161
Chesapeake Grp,161
Rio Cachira,161
Narpa Group,161
Thaynes,161
Corallian Group,417
Lambeth Group,417
SCIRTIDAE,162
Coastal Group,418
Lower Greensand Group,1186
Hemse Group,163
Hordaland,163
El Paso Group,163
Khuvsgul Grp,163
Geyik Dagi Unit,419
Chemung,675
Cabo Blanco,675
Vicksburg,2211
Santa Ines Group,164
Okaw,164
Umpqua,420
Agua de la Peña,165
Horton,166
Corniferous Group,166
Black River Grp,166
WABAUNSEE,1190
Belly River,2982
Mesaverde,5798
Kinderhook Group,167
Barranca,423
Upper Yezo,423
Clinton,3751
Washita Group,11175
Burnt Bluff Group,168
Tamar,168
Cedarville,168
Great Estuarine Group,169
Lower Trenton,169
HAMILTON GROUP,170
Aubrey Group,170
Madison,1450
Sumner,171
Petane,171
Karoo Basin,172
Passa Dois,172
Beaufort Group,428
Stones River Grp,940
Hunton Grp,8620
Poway Group,10668
Shiatook Grp,173
Awash,685
Feijas internes,174
Monmouth Group,174
Trenton Ls,174
Kunga,4014
Ferrar Group,175
Smoky,175
HETEROCERIDAE,175
Vicksburg Group,1455
Kazusa Group,1455
Fingal,176
Goshoura Group,177
Naco Grp,177
Wildcat,1457
Chalk Group,11697
Nottawasaga,178
Stranraer,178
Azab,434
Maquoketa,434
Clinton Group,946
SAN PEDRO,179
TENEBRIONIDAE,179
Strawn Grp,947
COLORADO,3251
Lower Greensand,180
"Carboniferous Limestone Supergroup, Oolite Group",436
Potomac,1204
Yellow Limestone,181
Bend,181
WASHITA GROUP,182
Woodbine Group,182
DYTISCIDAE,182
Oquirrh Group,182
"Ardmillan Group, Drummuck Subgroup",1974
WHITE RIVER,34230
Sangre de Cristo,183
Borden,183
"Carboniferous Limestone Supergroup, Great Scar Limestone group",695
Galena,2487
La Vid,184
Laramie,440
Rio Guatemala,185
Ipswich Coal Measures,185
Yakoun,185
Clear Fork Group,442
IDAHO,698
Aorere,187
Yanshiping,187
Agawam,443
Nevada,443
Park City,1211
Itsukaichimachi Group,188
Ryoseki Group,444
Cayuga Grp,444
Claiborne,10428
"Great Britain Superficial Deposits Supergroup, Dunwich Group",445
"Wealden, Wealden Group",1981
SEYMOUR ISLAND GROUP,7357
Utica Group,190
Amran Group,190
STAPHYLINIDAE,958
Conemaugh Grp.,1214
Ube,191
Lexington Ls Group,191
Powder River Group,191
Wenlock Group,191
Raf Raf,192
BOZEMAN,192
Arbuckle Group,192
Namlang,704
Otiake,193
Newark,193
Meishucunian,193
Ocala,449
Strzelecki,449
Interlake,449
Shawnee Grp,1217
HYDROPHILIDAE,962
Difunta,195
Lockport,195
Somanakamura Group,195
Wichita,4547
Daly River,196
Carbondale Group,196
Platteville,964
Nawar,197
Hogklint Beds,198
Kuji Group,198
CHASE,198
Hudson River,454
Wassuk,199
Upper Yezo Group,711
Tepuel,200
Zechstein,200
Bertie,200
Breathitt Group,456
Cisco Grp,4040
Khorat,201
Middle Keuper,201
COPACABANA,201
MEADE,713
Cincinnati Group,2249
Great Estuarine,202
Surma,202
MONTANA,458
MIDWAY GROUP,458
Chimneyhill,203
Tully,715
Brownsport Group,204
Murrumbidgee Group,204
Beekmantown Group,204
Ravenscar,716
Richmond Group,1484
Canyon Group,10444
Helderberg Grp.,205
Wollaston Forland,205
Dan River Grp,461
Helderberg Group,973
Murrumbidgee,206
Werra,974
Claiborne Grp,1742
DOUGLAS,1742
Linden Grp,5070
Shiratorigawa Group,207
Torinosu,207
Bend Grp,719
Moore Hollow Group,975
Adnet,208
Dakota Group,208
Bainbridge,208
Miura Group,2000
Raneces,209
Salina Grp,2513
Chaleurs,466
Nabon,211
Pictou,211
Kenai Group,211
Richmond,212
Sagami Group,212
Chemung Group,468
Potomac Group,724
Clackmannan,213
Marmaton Grp,1237
Rosario do Sul,214
Sakishima,214
Midway Grp,215
Middle Yezo Group,471
Bozeman Group,727
Selborne Group,4823
Warsaw Group,216
Saint David's Group,216
Pamunkey Group,1496
KANSAS CITY,217
Ochelata Group,6873
Nariwa Group,218
Traverse Grp.,730
Nevada Group,219
Port Charlotte Grp,219
Whitehorse Grp,475
Bou Tchrafine,220
Yoredale Group,220
Ashiya,220
Edgewood Grp,476
Lansing Grp,988
Lorraine Grp,1500
CRYPTOPHAGIDAE,221
Transvaal,477
Hudson River Group,222
Radiolarite,222
Nanggulan,224
Wildcat Grp,224
Eden Group,225
Newark Group,225
Penarth Group,481
Pleasanton Group,3553
Lower Beaufort,226
Chinle,482
Chapursan,227
Anticosti,484
San Pablo,229
Hioki Group,229
Gustav,741
CLAIBORNE GROUP,2277
Hokutan Group,742
Helderberg,742
Ryukyu,1254
Kewanee,1510
Herald,231
Mendoza,231
Tonohama Group,231
Higashi-Tanakura,231
Richmond Grp,487
Wabaunsee Grp,743
Waitemata,232
Selong,232
Meriden,232
Douglas Grp,1000
Newark Spgrp,233
Balclatchie Group,489
"Carboniferous Limestone Supergroup, Lower Limestone Group",234
Cow Head Grp,1514
Penarth Grp,491
Long Point Grp,236
Choctawhatchee,236
Bowie Group,492
Maysville Grp,1516
Skiatook,237
Maiya Group,237
Jackson,5101
Black River,238
Wilcox Group,1262
Choshi Group,239
Terlingua Group,495
Bracklesham,1007
Ogallala Group,2031
SELMA GROUP,2288
Tongeren,241
Dornick Hills Group,497
Coal Measures,2289
Shawnee Group,69106
Puget Group ?,243
Dhiarizos,243
Lower Lothian Group of Calciferous Sandstone Measures (Series),243
Large Mammals,7667
Columbia River Basalt Group,757
Mesa Verde Group,757
Arisaig Group,1013
Saint Louis Group,246
Chatham,246
Helderberg Grp,3830
Wilcox,5622
Chase Group,7671
Maysville Group,504
Hawthorn,760
Bauru,249
Thung Song Group,505
Kakegawa Group,1017
Newark Grp,1274
Colorado,3066
C4,251
CANTHARIDAE,251
SELMA,507
Marambio,2555
Maysvillian,252
Hakobuchi Group,252
Cubagua,252
"Karoo Supergroup, Beaufort Group",508
Kansas City,253
Charco Azul,253
Junzihe,254
Bad Cache Rapids,254
CURCULIONIDAE,254
,2157276414
Glen Canyon,255
Timbered Hills,2559
