sex,reps
,12003853
male,3980639
female,3087796
undetermined,1372385
in question,17368
fêmea,6285
and incubation data.,5947
1,5357
2,5357
m-gonads,4386
larvae,3902
female ?,3889
data,3748
male ?,3116
f-gonads,2886
indeterminable,2625
[male],2603
"male,female",2070
[female],1696
c&s,1630
skel,1606
male female,1539
female | male,1200
male?,1112
males,1105
m; skel,1031
ind,974
male; male,865
m; c&s,853
"female,male",833
"male,male",772
f; skel,743
female; female,723
não_determ,604
females,584
f?,555
f; c&s,508
eggs,501
couple,495
m?,455
m-verified,431
male male,423
female?,410
"female,female",367
f-verified,352
"males,females",331
"male , male",302
female female,290
"males, females",287
?,283
male; male; male,283
female; female; female,264
hermaphrodite,263
multiple animals of mixed sex,258
"f; skel, skull, shell",232
male; male; male; male,196
"skel, skull, shell",161
"females,males",159
and nest data.,158
adult,158
no data,156
"m; skel, skull, shell",151
female; female; female; female,144
juv,143
determination,139
f;,139
data.,137
male; female,137
"males,female",117
mâle ?,117
probably male,115
femelle ?,112
han,110
m;,106
male; male; male; male; male,105
shell,100
female; female; female; female; female,95
[female?],91
f + m,90
"male,males",89
+ skull,88
[male?],88
female; male,87
juvenile,87
"males,male",85
adults,82
"male,females",76
dob,76
skull,73
1 male; 1 female,66
"females,male",63
dry skin,59
1f + 1m,58
breeding status,56
skin,55
2 male,51
"males,males",50
indeterminate,49
"female,males",48
eft; c&s,47
incubation,47
hatchlings,46
juv; c&s,44
female; female; female; female; female; female,42
specified,42
males and females,39
checked,39
"juvs, lot of 9",39
larvae; c&s,38
male(s) & female(s),37
"skel, shell",37
male and female,37
male; male; male; male; male; male,36
x,36
female; female; female; female; female; female; female,35
3,34
"skel, skin",34
not,31
immature,30
both,30
adult male checked,30
of,30
2 adults,30
"male, female and a juvenile",29
na,29
2f + 1m,29
"f; skel, shell",28
larva,27
data. incomplete clutch,25
measurements color etc,24
+ ser-sec head,24
female; female; female; female; female; female; female; female,24
juv.,24
1f + 2m,22
"females,females",21
skel;f,21
embryo,21
male; male; male; male; male; male; male,21
c&s m,21
general climate,20
and reproductive data,20
gen. climate,20
head,20
nestling,20
female; female; female; female; female; female; female; female; female; female,20
not recorded; female,19
m;  + skull,19
egg,18
indefinido,18
one adult,18
10,17
maturity,17
data taken,17
probably,17
m; tl 1280 + 248,17
m-plumage,16
not recorded; male,16
female; male; female; female; female,15
gilled adult; c&s,15
data taken.,15
behav. context,14
"skel, skull",13
"larvae, c&s",13
age,13
macho e fêmea,12
2f + 2m,12
skin removed,12
from ku 260289 (as x9998),12
f; skull,12
prob. male,12
f; ser-sec skull,12
embryos from as v20364,12
"m; skin , skull",12
-,11
1 male,11
stage vi; c&s,11
juv; skel,11
m; hatchling,11
f-plumage,11
"female, male",11
juv;  + skull,11
f;  + skull,11
"male, female",11
4,11
male; male; male; male; male; male; male; male; male; male; male,11
"f; skin , skull",11
"f; skel,shell,skull",11
2 male; 1 female,11
skull oss.,11
shell;  + soft-parts,11
female; female ?,11
ncsm,11
male; male; male; male; male; male; male; male; male; male,10
indeterminado,10
"male , female",10
one,10
gynandromorph,10
1f + 3m,10
n,10
4 adults,10
skull not oss.,10
normal adult; c&s,10
1 adult,10
age 70 days,10
male; male; female,9
12,9
recordist,9
female; female; female; female; female; female; female; female; female,9
questionable,9
stage iii; c&s,9
female; male; male,9
female; male; female,9
+ ser-sec skull,9
m; ser-sec,9
"female,females",9
3f + 1m,9
m; 2n,9
male; male; male; male; male; male; male; male; male,9
meta yg,9
female;;,9
embryos,9
female with eggs,8
1f,8
3 adults,8
"c&s h,s & feet;  + ser-sec vert col",8
c&s + guts,8
adult males,8
indicated.,8
pair,8
f; shell,8
male; male; male; male; male; male; male; male,8
stage iv; c&s,8
male; male; male; female,8
m; skull,8
5,8
m; ser-sec skull,8
ratio,7
"m; skel, shell",7
the fish.,7
"m; skel,shell,skull",7
sil,7
skel; m,7
"f; skel, shell;  + soft-parts",7
"eggs laid 24 m;ay, hatched 9 aug 1967",7
female; male; female; female; female; female; female,7
c&s m; sv 28.5,7
2? adults,7
f; ser-sec,7
wt,7
ser-sec head,7
6,7
o?,7
hatchling,6
body c&s + skul + skin + guts,6
nestlings,6
male; female; female,6
pair?,6
m;f,6
female; female; male; female; female; female,6
feminino,6
"larvae , adult",6
m; sv 66.3; c&s,6
"01 macho, 01 fêmea",6
"m; skull, caudal vert, skin",6
not determined,6
shell only,6
judged,6
c&s + skull +skin + guts,6
"female , female",6
c&s;  + skin & eggs,6
mixed,6
f; hatchling,6
several,6
f; juv; c&s,6
prob,6
"m; skel, shell;  + soft-parts",6
remark,6
f; ser-sec head,6
likely,6
number,6
appears,6
femelle?,6
im.,6
masculino,6
ind.,6
adultl,6
and measurements,5
3 male,5
captive raised,5
several adults,5
ripe female,5
sv 27; c&s,5
determined and noted.,5
"females,female",5
2m,5
l,5
c & s,5
male; female; female; female; female,5
bando,5
male; male; female; male; male,5
8,5
stuffed,5
1m et 1f,5
6 adults,5
"larvae; c&s, stage 30",5
f; skin only;  + skel,5
range status,5
female; female; male; female; female,5
male; male; male; female; male,5
15,5
but,5
female; female; female; male; female,5
3f + 4m,5
supplied,5
female full of eggs,5
+  skull,5
social contact,5
"head , gonads",5
gonads destroyed,5
3f + 3m,5
"f; skull, caudal vert, skin",4
adult?,4
"+ser sec inguinal fat body, 2 slides",4
m; sv 25.0; c&s,4
presumed pair,4
male & female,4
"male,female?",4
or,4
albino,4
2f + 3m,4
of animals,4
1m + 2f,4
m; sv 24.0; c&s,4
+ hemipenis,4
"02 machos, 01 fêmea",4
fledgling,4
"m; skin, skel",4
"larvae; c&s, stage 26",4
"eggs , hatchlings",4
+guts,4
3f + 2m,4
female; male; male; male,4
sv 42,4
"female, [male]",4
male; male ?,4
female; female; male,4
"m; skel, skull",4
embryo; c&s,4
"f; skel,shell",4
tuberculate male,4
dry,4
"skel, skull, vertebrae",4
skull os.,4
machos,4
skel;m,4
indications,4
i,4
fêmea ?,4
stage 41 larvae,4
casal,4
female; female; male; male,4
sv 28; c&s,4
f; sv 49.5; c&s,4
20,4
male/female,4
10000,4
10 adults,4
"+ ser-sec head , anterior vert col thru pec girdle",4
female; male; female; female,4
+ hemipenes,4
female; male; male; female,4
measurements,4
m; ser-sec head,4
fêmea com óvulos maduros,4
two adults,4
tail,4
determined,4
ser-sec,4
male; female; male; male,4
m;  + ser-sec testis,4
yng,4
"1 male, 1 female",4
c&s; larvae,3
m; sv 33; c&s,3
age 86 days,3
sv 46,3
stage ii; c&s,3
sv 43,3
m; sv 18.3; c&s,3
0+,3
30,3
on,3
quality,3
002,3
f; sv 62.0 ; skel,3
f; sv 20.9; c&s,3
"f; skel, shell  + soft-parts",3
m; sv 34.2; c&s,3
stage 40 larvae,3
100,3
m; shell +,3
brood,3
12 adults,3
m; sv 35.0; c&s,3
mature males,3
"hyoid , pectoral girdle removed",3
immature male?,3
f; sv 23.5; c&s,3
m; sv 26.0; c&s,3
organs removed,3
m; sv 25.5; c&s,3
1 adult male,3
male | indeterminable,3
m;skel,3
which,3
m; sv 48.6; c&s,3
m; sv 75.0; c&s;  + skull,3
3 juv,3
"juv, ser-sec",3
"02 machos, 02 fêmeas",3
developmental series,3
m; sv 38.5; c&s,3
m; sv 38.7; c&s,3
c&s f,3
f; sv 40; c&s,3
sv 22; c&s,3
m; ser-sec ?,3
pobably male,3
mostly male,3
f; sv 20.3; c&s,3
in,3
f; sv 39.5; c&s,3
+ eggs,3
f; sv 63.0; c&s;  + skull,3
immature?,3
stage 42 larvae,3
2 female,3
"f; , ser-sec head",3
m; sv 36.2; c&s,3
m; sv 21.2; c&s,3
2m+1f,3
f; shell +,3
c&s + skull +skin,3
sv 29; c&s,3
belton,3
fêmea ovada,3
c&s;  + skin,3
200,3
m; sv 22.2; c&s,3
275,3
sv 51; c&s,3
"larvae, 23 days",3
not determined.,3
road kill,3
50,3
"01 fêmea com óvulos maduros, 1",3
destroyed in c&s,3
number of animals,3
macho ?,3
mod. fat,3
fêmeas,3
female 1,3
f; sv 19.1; c&s,3
adult male?,3
age 44 days,3
"eggs , larvae",3
hermaphrodites,3
stage 36 larvae,3
f; sv 21.3; c&s,3
flock,3
no,3
f; sv 30.6; c&s,3
m; c&s;  + ser-sec head,3
m; sv 27.5; c&s,3
2 males,3
fe,3
f; sv 38.6; c&s,3
001,3
juvs,3
+ c&s skull,3
skin;  + skull,3
4f + 1m,3
stage 29 larvae,2
"m; skel, shell  + soft-parts",2
sv 41; c&s,2
+ ser-sec,2
sv 36; c&s,2
ser-sec embryo,2
f; sv 29.8; c&s,2
f; sv 44.2; c&s,2
visual display,2
f; sv 120.0; skel,2
stage 39 larvae,2
f; sv 32.0; c&s,2
d. o. r.,2
m; sv 94.0; skel,2
imm. male,2
f; sv 35.3; c&s,2
+ vertebrae,2
as male,2
1 adult?,2
m; sv 90.0; skel,2
m; sv 55.0 ; skel,2
stage 28 larvae,2
f; sv 38.9; c&s,2
f; sv 124.0; skel,2
reidentified,2
07989,2
female; see er,2
f (?),2
f; sv 67.5; c&s,2
ser-sec ?,2
f; sv 64.0; c&s;  + skull,2
juv. female,2
f; sv 26.7; c&s,2
f; sv 74.0; c&s;  + skull,2
f; sv 105.0; skel,2
"skel,shell,skull",2
f; sv 45.6; c&s,2
f; sv 70.6; skel,2
f; sv 61.1; c&s,2
"born 4 sep 1964 to female collected 16 aug 1964, 6",2
f; sv 55.3; c&s,2
m; sv 18.6; c&s,2
m; sv 42.7; c&s,2
noted,2
40,2
c&s feet;  + ser-sec vert col,2
m; sv 55.0; c&s,2
m; sv 31.7; c&s,2
m; sv 64.2; c&s,2
c&s. organs on shelf,2
as,2
jv.,2
sv 51,2
fêmea grávida,2
f; sv 37.4; c&s,2
male and a juvenile,2
f; sv 29.9; c&s,2
m; sv 60.5; c&s;  + skull,2
"f; larvae, stage 46, sv 26.9; c&s",2
m; sv 22.0; c&s,2
sv 44,2
shell + vertebrae,2
m; sv 39.3; c&s,2
+ head,2
machos e fêmeas reprodutivos,2
4 male,2
fêma,2
some were ripe,2
"f, juvenile",2
c&s + skin + guts,2
f; sv 22.9; c&s,2
m; sv 35.3; c&s,2
100 adults,2
sv 29.0; c&s,2
m; shell,2
bursa,2
male and females,2
sv 24; c&s,2
f; sv 20.8; c&s,2
m; sv 46.2; c&s,2
f; sv 49.6; c&s,2
m; sv 50.0; skel,2
2f + 7m,2
m; sv 28.2; c&s,2
dissected,2
probably ?male,2
m; skin only;  + skel,2
age 28 days,2
1 immature,2
age 97 days,2
several birds,2
f; with eggs,2
10091,2
5m + 1f,2
f; sv 43.6; c&s,2
juveniles,2
7f + 2m,2
sv 31; c&s,2
m; sv 44.5; c&s,2
2f + 5m,2
f; ser-sec ?,2
m; sv 20.7; c&s,2
b,2
winter,2
stage v; c&s,2
ripe male,2
1m et 5f,2
12f + 1m,2
f; sv 51.4; c&s,2
m; juv; c&s,2
4f + 3m,2
(female)male,2
f; sv 34; c&s,2
probably female,2
1 male; 2 female,2
f; sv 32.9; c&s,2
m; sv 64.9; c&s,2
2 male; 2 female,2
"01 macho, 01 fêmea (exemplares",2
stage 27 larvae,2
1m,2
"[male], [female]",2
2adults,2
n/a,2
m; sv 95.0; skel,2
one newborn,2
1 female,2
q,2
m; sv 68.8; c&s,2
f;  + c&s skull,2
stage 44 larvae,2
"skel, f sv 81.5",2
changed,2
tuburculate male,2
organs,2
2 immatures,2
juv. male,2
m; sv 49.6; c&s,2
male circled,2
sv 52; c&s,2
f; sv 42; c&s,2
female 23,2
"m; shell, skull",2
m;  + ser-sec skull,2
m; sv 55.8; c&s,2
m; sv 30.0; c&s,2
+head +post.vert. +l hemipenis,2
original data specifies a mix of male and female specimens,2
shed skin,2
embryos; c&s,2
with,2
sv 37; c&s,2
f; sv 27.5; c&s,2
"f; , ser-sec skull",2
age 69 days,2
+head +vertebrae,2
f; sv 43.7; c&s,2
f; sv 31.0; c&s,2
m; sv 82.0; c&s;  + skull,2
"stage 62, from batch of ku 206510",2
sv 132; c&s,2
this,2
tag tied to fish specifies sex is female.,2
"03 machos, 01 fêmea",2
stage 33 larvae,2
m; sv 23.0; c&s,2
"c&s, f",2
f; sv 33.7; c&s,2
"larva, ser-sec",2
stage 34 larvae,2
m; sv 45.5; c&s,2
by plumage only,2
f; sv 26.0; c&s,2
f; sv 25.0; c&s;  + skin,2
f(?),2
f; sv 59.8; c&s,2
m; sv 26.9; c&s,2
f; sv 55.0 ; skel,2
shell + soft-parts,2
probable adult,2
m; sv 55.3; c&s,2
02 fêmeas,2
m; sv 23.8; c&s,2
f; sv 77.2; c&s,2
"f; skel, skull",2
70% ethanol,2
m; sv 23.3; c&s,2
subadult,2
sv 48,2
bisexué,2
4f + 7m,2
shell parts,2
m; sv 24.4; c&s,2
stage i; c&s,2
original data specifies sex as female,2
some adults,2
f; sv 109.0; skel,2
5 adults,2
by plumage,2
f; sv 54; c&s,2
f; sv 27; c&s,2
"m; skel,shell",2
the,2
sv 48; c&s,2
f; sv 49.0; c&s,2
age 61 days,2
ser-sec skull,2
m; sv 22.7; c&s,2
age 102 days,2
1m + 3f,2
m; sv 34.4; c&s,2
m; sv 51.6; c&s,2
by plumage.,2
f; sv 62.0; c&s;  + skull,2
3f + 7m,2
2f + 4m,2
original data tag on fish specifies sex as female.,2
head only,2
f; 2n,2
4f + 4m,2
4f + 6m,2
1m et 2f,2
m; sv 41.7; c&s,2
male ?; male,2
male  m,2
m; sv 43.6; c&s,2
m; sv 30.8; c&s,2
f; sv 44.5; c&s,2
c&s f; sv 18.9,2
stage 31 larvae,2
see tape notes,2
"skel, shell  + head , soft-parts (wet)",2
mature male,2
f; sv 30.0; c&s,2
20 adults,2
m; sv 91.0; skel,2
m; sv 53.4; c&s,2
"hatchling, egg shell",2
f; sv 35.0; c&s,2
sv 23; c&s,2
age 50 days,2
f; sv 22.5; c&s,2
4f + 2m,2
5f + 2m,2
f; sv 37.8; c&s,2
m; sv 28.0; c&s,2
f; sv 21.4; c&s  + skin,2
females full of eggs,2
characteristics. photographed.,2
25,2
female 2,2
f; sv 44; c&s,2
ad,2
01 fêmea,2
f; sv 35; c&s,2
gen. habitat,2
m; sv 45.6; c&s,2
_,2
listed,2
stage 37 larvae,2
by,2
m; sv 45.7; c&s,2
stage 43 larvae,2
f; sv 23.3; c&s,2
m; sv 19.6; c&s,2
cover density,2
m; sv 32.7; c&s,2
"1 female,",2
f; sv 38.0; c&s,2
m; sv 47.5; c&s,2
m; sv 70.0; c&s,2
"m; skull, skin",2
"f, prob",2
a,2
macho ovado,2
possible,2
"larvae; c&s, stage 34",2
f; sv 38.5; c&s,2
sv 35; c&s,2
f;m,2
questionable.,2
f; sv 35.9; c&s,1
f; sv 21.0; c&s,1
f; sv 51.0; skel,1
7 juv,1
stage 34 larvae; sv 19.3 tl 37.2; c&s,1
m; sv 23.1; c&s,1
"02 machos, 09 fêmeas",1
stage 41 larvae; sv 24.5 tl 62.1; c&s,1
macho grande,1
f; sv 49.2; c&s,1
sv 41.0; c&s,1
sv 32.0; c&s,1
sv 39; c&s,1
stage 35 larvae; sv 21.6 tl 40.0; c&s,1
m; sv 107.0; c&s;  + skull,1
6m e 6f,1
m; sv 45.9; c&s;  + skin,1
f; sv 56.0; c&s,1
f; sv 64.3; skel,1
m; sv 29.0; c&s,1
f; sv 54.55; c&s,1
larvae; back riding tads of ku 221838,1
m; sv 53.9; skel,1
f; sv 63.5; skel,1
m; sv 42.6; skel,1
m; sv 94.0; c&s;  + skull,1
f; sv 42.0; c&s,1
spawning males(17)/females(6),1
3 male; 2 female,1
f; sv 52.6; skel,1
f; sv 27.3; c&s,1
18 hatchlings,1
"male, small testes present",1
ml,1
"larvae, stage 39, sv 12.8, tl 42.7; c&s",1
also,1
male; hermaphrodite,1
"neonates, skins",1
cover den,1
"m; tl 1360 , t 250",1
at,1
of this bird,1
1 male with spawning colours,1
sv 26.5,1
"c&s, 28.5 mm svl",1
"f; with 31 embryos, tl 1836 t 228, skin",1
original data tag on fish specifies sex as male.,1
#816 - female,1
"f; tl 1720 t 190, skin;  + skull",1
"f; skin, skel, tl 1970 , t 300 , karyotyped",1
"f; tl 1640 , 220 , 18 embryos",1
f; karyotyped,1
f; 4 eggs,1
"larvae, stage 41, sv 22.8; c&s",1
sv 106.0; c&s;  + skull,1
"larvae, stage 38, sv 33.6; c&s",1
sv 27.0; c&s,1
two large males,1
m; sv 79.1; c&s,1
female;few eggs,1
m; sv 20.1; c&s  + skin,1
f; sv 71.5; skel,1
"f; tl 1970 , t 275",1
f; sv 102.5; skel,1
"larvae, stage 46, sv 17.2; c&s",1
2f + 1m?,1
5f + 9m,1
1m + 4f,1
male; female ?,1
m; sv 88.6; skel,1
f; sv 51.8; c&s,1
stage 25 larvae; sv 10.2 tl 21.7; c&s,1
sv 45; c&s,1
2 fledglings,1
006,1
tl 1525  t 256,1
+  alc. skull; f;,1
large females full of loose eggs,1
m; sv 21.9; c&s,1
"+ skull , vertebrae",1
f; sv 61.5; c&s;  + skull,1
"larvae, day 15",1
m; sv 31.3; c&s,1
"larvae, day 2",1
c&s m; sv 28.2,1
m; sv 16.0; c&s,1
f; sv 61.0; skel,1
f; sv 28.44; c&s,1
larvae;  + ser-sec skull,1
f; sv 31.4; c&s,1
m; sv 32.9  + ser-sec 4th right toe,1
stage 30 larvae,1
+ head + maxillary + misc. parts + colon contents,1
f; sv 53.5; c&s,1
f; sv 17.7; c&s;  + skin,1
"f; sv 94.3; skel;  + eggs , hyoid",1
sv 78.3 f; skel; c&s hyoid pectoral,1
f; sv 20.7; c&s,1
sv 47.6; c&s,1
judged from behavior,1
one female,1
presumed pair habitat,1
m; sv 69; skel,1
f; sv 20.0; c&s  + skin,1
f; sv 19.9; c&s,1
m; sv 39.0; skel,1
"eggs, embryo; c&s",1
presumed,1
"skull , shell",1
m; sv 69.5; c&s,1
adult? internal notes,1
male 9; females 25,1
f; sv 70.0; skel,1
m; sv 22.6; c&s,1
f; sv 19.8; c&s  + skin,1
macho jovem,1
4 male; 4 female,1
8850,1
female w/,1
m; sv 25.3; c&s,1
"f; skull, shell",1
downy,1
m; sv 55.4; skel,1
"head , rattles",1
f; sv 37; c&s,1
re,1
"larvae, stage 44, sv 23.7 tl 33.7; c&s",1
7m + 3f,1
fêmea.,1
on label,1
3 wk larvae,1
3 egg masses,1
4m+5f+3j,1
"larvae, 10 days",1
5m+2f+1j,1
9f + 1m,1
f; sv 64.5;  + skull,1
"original data indicates a mix of male, female and immature specimens",1
2 mature males,1
"male, 16.8 mm sl; female, 14.0 mm sl",1
"2 specimens male, 1 specimens female, 1 specimens ?",1
"+ skull, hemipenes",1
males have tubercles,1
"original data lists a mix of male, female and immature specimens",1
"machos, fêmeas ?",1
m; sv 44.7; c&s,1
11362,1
f; sv 34.2; c&s,1
20.7mm sl.,1
m<,1
c&s f; sv 30.7,1
20 juv,1
male male?,1
f; sv 17.1; c&s,1
m; sv 55.7 ; skel,1
m; sv 95.0; c&s;  + skull,1
f; sv 66.0 ; skel,1
m; sv 80.0; c&s;  + skull,1
.,1
"stage 55, sv 48.7; c&s",1
f; sv 46.0; c&s,1
m; sv 61.7; c&s,1
m; sv 52.2; c&s,1
f; sv 58.5; c&s;  + skull,1
m; sv 46.0; c&s,1
c&s f; sv 21.4,1
f; sv 80.5; c&s,1
"juv; skel,shell,skull",1
ad.,1
possible f,1
"larvae, stage 36, sv 19.4 tl 46.1; c&s",1
"larvae, stage 39, sv 24.2 tl 55.3; c&s",1
bur. l. 10,1
"larvae, stage 39, sv 22.5 tl 54.9; c&s",1
"larvae, stage 36, sv 25.0 tl 56.4; c&s",1
not det.,1
were,1
"larvae, stage 38, sv 24.1 tl 57.0; c&s",1
f; sv 21.5; c&s,1
"skel, shell  + soft-parts, head (wet)",1
symbol,1
f; sv 46.9; c&s,1
degraded,1
juv; c&s; sv 29.0,1
bursa thick,1
f; sv 82.0; c&s,1
j,1
bursa present,1
m; sv 26.8; c&s,1
m; sv 96.0; c&s,1
male? soc. contact,1
them,1
f; sv 28.1; c&s,1
than,1
presumed male,1
m; sv 37.3; c&s,1
sv 21.3; c&s  + skin,1
"c&s f, sv 35.1",1
m; sv 30.0  + ser-sec 4th right toe,1
f;  + embryos,1
tl 2070,1
f; tl 2292 + 235,1
f; sv 86.83; c&s,1
m; sv 69.8; c&s,1
m; tl 1824 + 370,1
the associates,1
f; skel;  + skin only,1
c&s f; sv 25.4,1
f; sv 104; skel,1
m; sv 56.9; c&s,1
m; sv 46.70; c&s,1
m; sv 46.7; skel,1
f; sv 27.9; c&s,1
m; sv 60.4; skel,1
"juv, sv 24.9; c&s",1
m; sv 14.7; c&s;  + skin,1
f; sv 25.8; c&s,1
f; sv 62.7 ; skel,1
"larvae, stage 58",1
rattle only,1
m; sv 28.3; c&s,1
f; sv 45.3; c&s,1
m; skel;  + skin,1
"male, 2; female, 1",1
"f; with 26 + 11 eggs; tl 1735, t 230",1
m; tl 2110 + 290,1
age 68 days,1
m; sv 33.8; c&s,1
5 male,1
m; sv 96.5; c&s;  + skull,1
"m; tl 1427 , t 214",1
m; sv 47.6; c&s,1
m; sv 14.0; c&s,1
lots of adults,1
"larvae, stage 39, sv 29.4; c&s",1
m; sv 44.7; skel,1
f; sv 86.0; c&s,1
f; sv 40.7; c&s,1
sv 30.0; c&s,1
macroconch male,1
adult male,1
f; sv 15.9; c&s;  + skin,1
locality,1
"f; c&s h,s, feet, hyoid; skel",1
25 adults,1
m; sv 50.3; c&s,1
f; sv 37.3; c&s,1
f; sv 39.0 ; c&s,1
f; sv 79.0; c&s;  + skull,1
on data form,1
"skull, caudal vert, skin",1
"stage 27, sv 4.1 tl 9.3; c&s",1
m; sv 32.4; c&s,1
"stage 42, tl 16.3, sv 7.6; c&s",1
"larvae, stage 46, sv 21.3; c&s",1
m; sv 25.9; c&s,1
and size data,1
sv 70.3; c&s,1
m; sv 64.6; c&s,1
m; c&s; sv 55.7,1
varies. length,1
sv 34.0; skel,1
m; sv 61.6; c&s,1
"f; tl 1850 , t 222",1
m; sv 59.1; c&s,1
400,1
male/female female,1
apparent family group,1
"female,male?",1
f; sv 47.3; c&s,1
f; sv 36.7; c&s,1
f; sv 66.9; c&s,1
"c&s, 21.6 mm svl",1
"c&s, 15.1 mm svl",1
"larvae, stage 35, sv 24.9 tl 56.8; c&s",1
"larvae, stage 44, sv 13.5 tl 15.9; c&s",1
"larvae, stage 40, sv 21.7 tl 57.0; c&s",1
"larvae, stage 38, sv 20.1 tl 51.2; c&s",1
"larvae, stage 45, sv 15.0; c&s",1
"larvae, stage 30, sv 11.4 tl 24.4; c&s",1
"larvae, stage 36, sv 17.5 tl 37.5; c&s",1
"larvae, stage 34, sv 14.4 tl 33.0; c&s",1
"larvae, stage 36, sv 21.3 tl 53.5; c&s",1
shell (upper) only,1
f; sv 40.0; skel,1
f; sv 17.0; c&s,1
m; sv 28.1; c&s,1
vl 34.8; c&s,1
"m; sv 50,c&s",1
f; sv 32; c&s,1
f; sv 22.0; c&s,1
m; sv 41.4; c&s,1
84 hr larvae,1
46 day larvae,1
m; sv 51.5; c&s,1
m; sv 49.4; c&s,1
f; sv 30.4; c&s,1
m; sv 70.0; c&s;  + skull,1
m; sv 37.7; c&s,1
m; sv 29.8; c&s,1
"f; skull, skin",1
female; male ?,1
"4 females full of loose eggs, 8 males with prominent tubercles",1
original data specifies sex as male,1
bill like m,1
macho escuro,1
01 macho terminal,1
"03 fêmeas, 01 juvenil, 01 recé",1
"05 machos, 03 fêmeas, 01 juven",1
mark,1
male 1; female 2,1
female ?; female ?,1
1 male; 3 female,1
3 male; 3 female,1
m/f,1
spawning male,1
female body shape,1
m; sv 21.5; c&s  + skin,1
fêmeaa,1
femele,1
fêema,1
roadkill,1
skull oss,1
01.02.2002,1
imm. female,1
f; sv 33.4; c&s,1
m; sv 59.0; c&s;  + skull,1
holotype of anolis duellmani,1
"egg , embryo",1
"larvae; c&s, stage 31",1
sv 90; c&s,1
f; juv; sv 34.0; c&s,1
m; sv 46.0; skel,1
m; tl 1620 + 343,1
tl 196,1
dried,1
m; sv 73.8; c&s,1
m; sv 73.0; c&s,1
sv 34.5;  + ser-sec 4th right toe,1
m; sv 60.41; c&s,1
stage 65 larvae; ser-sec,1
f; tl 1772 + 166,1
"larvae, stage 27, sv 26.4; c&s",1
f; sv 20.5; c&s,1
f; sv 47.8; skel,1
stage 31 larvae; sv 11.8 tl 23.5; c&s,1
stage 25 larvae; sv 9.1 tl 19.3; c&s,1
m; sv 47.0; skel,1
f; tl 1614 + 346,1
f; sv 53.0; skel,1
f; sv 30.34; c&s,1
"larvae, day 1",1
"larvae, day 18",1
"larvae, stage 56",1
f; sv 63; skel,1
m; sv 60.5  + ser-sec 4th right toe,1
"juv, sv 15.8; c&s",1
m; sv 29.9; c&s;  + skin & guts,1
age 30 days,1
026,1
bird,1
male 1?,1
300,1
pair at nest,1
"stage 26, sv 3.8 tl 9.2; c&s",1
"juv, sv 65.0; skel",1
m; sv 37.1; c&s,1
m; sv 22.4; c&s;  + skin,1
m; sv 26.4; c&s,1
"larvae, stage 41, sv 44.1; c&s",1
"larvae, stage 42, sv 38.5; c&s",1
m; sv 113.0; skel,1
m; skel; c&s hyoid,1
m; sv 66.0; c&s;  + skull,1
"f; tl 1541 , t 158 +  , 9 embryos",1
"f; tl 1303 , t 205",1
f; sv 63.9; skel,1
sv 307; c&s,1
f; sv 55.0; skel,1
m?; sv 31.4; c&s,1
fe ?,1
"larvae, stage 36, sv 10.4, tl 34.6; c&s",1
m; sv 21.8; c&s,1
"m; tl 2195 , t 330",1
"f; tl 1640 , t 220 , 7 embryos",1
m; sv 70.5; c&s,1
sv 44; c&s,1
+  alc. skull; f; sv 59.6,1
m; sv 30.2; c&s,1
f; sv 44.0; skel,1
m; sv 71; skel,1
f; sv ca 43; skel,1
m; sv 58.8; c&s,1
f; sv 60.0 ; skel,1
stage 42 larvae; sv 19.5 tl 35.8; c&s,1
yg,1
f; sv 29.0; c&s,1
m; sv 19.3; c&s,1
sv 19.2; c&s,1
m; sv 35.8; c&s,1
f; sv 86.9; c&s,1
complete neotene; c&s,1
f; sv 122.0; skel,1
m; sv 89.0; skel,1
"larvae, stage 42, sv 44.3; c&s",1
"larvae, stage 38, sv 43.1; c&s",1
m; c&s; sv 53.3  +  guts,1
f; sv 54.9; c&s,1
m; sv 68.0; skel,1
m; sv 117.0; skel,1
3 day larvae,1
m; sv 83.0; c&s,1
m; sv 46.7  + ser-sec 4th right toe,1
f; sv 92.0; c&s;  + skull,1
"larva, stage 42, sv 27.1 tl 60.5; c&s",1
c&s f; sv 18.2,1
"f; tl 1897 , t 290",1
"f; tl 1702 , t 257 , 12 embryos",1
"f; tl 1589 , t 270 , ca 19 embryos",1
"larvae, stage 46, sv 18.1; c&s",1
f; sv 29.6; c&s,1
"larvae, stage 45, sv 17.6, tl 11.7; c&s",1
"larvae, stage 42, sv 12.7, tl 38.0; c&s",1
sv 25; c&s,1
m; sv 48.4; c&s,1
c&s; m; sv 34.7,1
skin only;  + skel,1
"larvae, stage 33, sv 13.4 tl 23.6; c&s",1
smashed.,1
"juv,  skull",1
m; sv 64.0; c&s,1
c&s f sv 56.7,1
"c&s f, sv 24.5",1
m; sv 38.1 ; skel,1
m; sv 56.0 ; skel,1
f;  + ser-sec,1
m; sv 115.0; c&s;  + skull,1
m; sv 53.3; skel,1
f; sv 25.2; c&s,1
sv 42; c&s,1
f; sv 40.9;  +  head c&s,1
"c&s, 20.1 mm svl",1
stage 32 larvae,1
"m; tl 1342 , t 225",1
"larvae, stage 44, sv 18.0 tl 34.0; c&s",1
"larvae, stage 45, sv 13.4 tl 15.9; c&s",1
"larvae, stage 41, sv 21.0; c&s",1
"larvae, stage 41, sv 21.5 tl 54.1; c&s",1
"larvae, stage 36, sv 19.0 tl 44.5; c&s",1
"larvae, stage 40, sv 24.5 tl 57.2; c&s",1
"c&s, 21.4 mm svl",1
m; sv 47.7; c&s,1
"m; sv 46.7,ser-sec 4th right toe",1
f; sv 33.5; c&s,1
m; sv 31.2  + ser-sec 4th right toe,1
"c&s f, sv 27.5",1
f; c&s  + ser-sec vert col,1
m; sv 31.5; c&s,1
due,1
m; sv 51.8; skel,1
f; sv 71.6 ; skel,1
f; sv 9.6; skel,1
f; sv 63.5; c&s;  + skull,1
f; sv 65.2; skel,1
"f; sv 52.2, skull",1
"m; juv, sv 19.6; c&s",1
"f; with eggs, sv 44.9; c&s",1
soft-parts,1
m; sv 43.1; c&s,1
sv 42.35;  + c&s skull,1
sv 84.0; skel,1
female.,1
36,1
next to female,1
stage 38 larvae; sv 22.6 tl 52.8; c&s,1
male.  breeding status,1
adult females,1
slight,1
based,1
c60,1
gcwa,1
1adult,1
it. 7,1
1f + 1?,1
1f + 5m,1
full of eggs,1
female with eggs and tuberculate males,1
"3 males 13.4-16.5 mm sl, 2 females 13.0-14.9 mm sl",1
2 females full of eggs,1
sv 47,1
"m; 1645 , 266",1
"f; tl 375, t 81; skin only;  + skel",1
"f; tl 316, t 70; skin only;  + skel",1
"f; sv 1420 , 18 embryos",1
m; sv 54.2; c&s,1
f; sv 67.1; skel,1
f; sv 30.2; c&s,1
"f; sv 69.8; c&s forearms, ser-sec head",1
"c&s f, sv 37.7",1
m; sv 20.8; c&s,1
stage 46 larvae; sv 35.3; c&s,1
stage 36 larvae; sv  22.9 tl 54.7; c&s,1
stage 25 larvae; sv 10.3 tl 21.0; c&s,1
stage 25 larvae; sv 9.7 tl 19.3; c&s,1
stage 34 larvae; sv 19.7 tl 37.9; c&s,1
ratio lns,1
"m; tl 1520 , t 235",1
"m; tl 1252 , t 208",1
f; sv 39.53; c&s;  + eggs,1
"f; tl 1862 , t 280",1
m; sv 37.0; c&s,1
"c&s f, sv 34.6",1
m; sv 61; skel,1
f; sv 21.6; c&s,1
f; sv 33; c&s,1
"skull, vertebrae, skin",1
"m; sv 70.1, ser-sec 4th right toe",1
m; sv 34.9;  + ser-sec 4th right toe,1
stage 43 larvae; sv 27.2 tl 62.3; c&s,1
stage 39 larvae; sv 23.3 tl 54.0; c&s,1
5m+5f,1
m; c&s;  + ser-sec head ?,1
age 53 days,1
al-,1
one adult?,1
male.,1
producing,1
1 juvenile,1
adult female checked,1
several males,1
prob. adult,1
4 immature,1
1 female?,1
20 fledglings,1
2f + 6,1
1f et 2m,1
"larvae, day 11",1
1f + 1f?,1
9f + 5m,1
1m + 6f,1
t03749 19.2 f,1
tag tied to fish specifies sex is male.,1
f phyllotis,1
indeterminant,1
"2 male, 2 female",1
presumably male,1
male spawner,1
futuro macho,1
"03 machos, 01 fêmea (parátipos",1
02 fêmeas ?,1
"03 machos, 08 fêmeas",1
hydrocephalus,1
m; sv 48.8  + ser-sec 4th right toe,1
tl 4-5 ft,1
m; sv 17.9; c&s,1
f; sv 57.7; c&s,1
m; c&s; sv 59.5,1
f; sv 22.65; c&s,1
jaws,1
stage 46 larvae; sv 27.8; c&s,1
sv 159.1; c&s,1
stage 36 larvae; sv 19.5 tl 42.6; c&s,1
sv 50.6; c&s,1
f; sv 63.0; c&s,1
f; tl 1323 + 153,1
m; tl 1997 + 277,1
f; with eggs; sv 26.5; c&s,1
"f; tl 1746 , t 237 , 35 eggs",1
felmale,1
sv 77.2 f; skel; c&s hyoid pectoral,1
sv 18.1; c&s,1
adult  +  larvae,1
f; sv 25; c&s,1
f; sv 80.0; c&s;  + skull,1
"skel , skin",1
f; sv 108; skel,1
m; sv 52.6; skel,1
"f; juv, sv 29.1; c&s",1
"f; juv, sv 23.9; c&s",1
f; sv 62.7; skel,1
"larvae, day 23",1
"larvae, day 20",1
"larvae, day 21",1
f; sv 66.0;  + skull,1
c&s; f; sv 33.7,1
"c&s, 13.3 mm svl",1
"c&s, 15.4 mm svl",1
"larvae, stage 42, sv 22.8 tl 53.4; c&s",1
"larvae, stage 29, sv 8.5 tl 18.6; c&s",1
"larvae, stage 43, sv 21.7 tl 50.7; c&s",1
"larvae, stage 46, sv 19.0; c&s",1
"larvae, stage 40, sv 23.5 tl 50.5; c&s",1
"larvae, stage 41, sv 22.5; c&s",1
"larvae, stage 31, sv 11.6 tl 27.4; c&s",1
"larvae, stage 46, sv 19.8; c&s",1
"skel, shell parts",1
"skull, lower jaw",1
f; sv 44.4; c&s,1
8 day larvae,1
m; sv 81.0; c&s;  + skull,1
m; sv 27.8; c&s,1
m; sv 46.6; c&s,1
m; sv 38; c&s,1
f; sv 27.9; c&s  + skin,1
f; sv 53.8; c&s,1
f; sv 76; skel,1
m; sv 43.7; c&s,1
f; sv 59.5; c&s;  + skull,1
sv 37.5; skel,1
m; sv 28.5; c&s,1
m; sv 21.3; c&s,1
m; sv 15.8; c&s  + skin,1
f; sv 126.0; skel,1
f; sv 61.5; c&s,1
f; sv 114.6; skel,1
m; sv 57.7; c&s,1
male with tubercles,1
2 males;2 females,1
gularis,1
"not recorded , male",1
males and one female,1
wing,1
w. 274,1
01.feb,1
sv 32; c&s,1
f; sv 81.2; c&s,1
m; c&s;  + skull,1
m; sv 28.6; c&s,1
c&s +skull +skin +guts,1
juv  + skull,1
"skull, skin",1
m; tl 2074 + 280,1
"c&s juv f, sv 28.0",1
f; sv 46; c&s,1
m; sv 47.4 ; skel,1
m; sv 64.70; c&s,1
m; sv 47.4; c&s,1
f; sv 59.6; c&s,1
c&s;  + ser-sec vert col,1
18 juv,1
"m; sv 67.9; c&s  + skin, stomach",1
f; sv 70.0; c&s;  + skull,1
f; sv 72.7;  + skull,1
f; juv; sv 42.4; c&s,1
f; sv 47.9; c&s,1
egg (formalin),1
w. 195,1
32.5,1
female ?; female,1
illegible,1
male in breeding colors,1
female (?),1
"11 f, 1 m",1
"1 f, 4 m",1
tuberculate males;eggs,1
female 114 grams,1
male and female body morphs,1
determined by probing.,1
implied,1
to male.,1
female possible,1
information,1
"01 macho, 02 fêmeas",1
nestling.,1
on tag,1
8542,1
hatch,1
male/female male,1
f; sv 63.5; c&s,1
"larvae, 11 days",1
m; sv 60.2; c&s,1
f; sv 60.4; c&s,1
m; sv 61.4; c&s,1
"1 adult, 9 embryos",1
sv 151; c&s,1
"c&s f, sv 77.7",1
f; sv 15.9; c&s,1
m; sv 19.2; c&s,1
4f + 5m,1
1male,1
particular,1
differences,1
in this habitat,1
chasing,1
resp. to playback,1
likely male,1
300 adults,1
150,1
it,1
equally deep voices,1
40 adults,1
available,1
type ssp ?,1
5m + 3f,1
f; sv 26.50; c&s,1
14f + 8m,1
decim,1
6f + 3m,1
male 1+,1
4 tuberulate males,1
original data lists mix of male and female specimens,1
femalewith small eggs,1
original data specifies #706 as male,1
20 males (10.7-18.2); 19 females (10.4-17.4); 23 immature (6.6-10.2),1
"original data lists #673 and #675 as male, #674 as female.",1
original data specifies #560 and 563 as male.,1
f or m,1
macho e femêa ?,1
machos e fêmeas,1
f; sv 92.0; skel,1
sv 57; c&s,1
p,1
m; sv 38.8; c&s,1
sv 38.1; skel,1
m;   + c&s head,1
f; sv 18.2; c&s,1
f; sv 50.7; c&s,1
f; sv 103.0; skel,1
"larvae, stage 36, sv 32.0; c&s",1
"larvae, stage 37, sv 37.7; c&s",1
sv 32.4; skel,1
+left hemipenis,1
"larvae, stage 43, sv 26.7; c&s",1
f; sv 88.4; c&s,1
f; sv 20.2; c&s;  + skin,1
f; sv 73.5; c&s;  + skull,1
m; sv 88.0; skel,1
"larvae, stage 43, sv 27.5; c&s",1
57 day larvae,1
m; sv 32.0; c&s,1
juv; c&s; sv 38.4,1
"larvae, stage 42, sv 14.3, tl 36.7; c&s",1
m; sv 29.1; c&s;  + ser-sec testis on right side,1
"m; tl 1612 , t 277",1
f; sv 74.7; c&s,1
m; sv 48.5; c&s,1
"f; tl 1250, t 560; skin only",1
m; sv 68.0; c&s,1
sv 45,1
sv 40,1
sv 108; 98 g,1
f; sv 35.9; c&s;  + guts,1
f; sv 46.1; c&s;  + eggs,1
m; sv 63.0; c&s;  + skull,1
m; sv 24.5; c&s,1
f; sv 63.0 ; skel,1
m; sv 72.5; c&s;  + skull,1
h,1
sv 29.5; c&s,1
f; sv 24.2; c&s,1
m; sv 31.8; c&s,1
f; sv 41.4; c&s,1
f; juv; sv 33.7; c&s,1
f; sv 18.9; c&s;  + skin,1
"c&s, 13.5 mm svl",1
"larvae, stage 37, sv 20.4 tl 52.2; c&s",1
f; sv 38.1; c&s,1
m; sv 67.8; c&s,1
with eggs,1
f; sv 65.0; c&s,1
f; sv 29.1; c&s,1
m; sv 64.5; skel,1
m; sv 64.8; skel,1
f; skin,1
f; sv 37.6; c&s,1
f; sv 62.1; c&s,1
f; sv 54.3; c&s,1
f; sv 125; skel,1
m; sv 17.7; c&s,1
60 hr larvae,1
m; sv 77.0; c&s;  + skull,1
f; sv 53.5; skel,1
result,1
to,1
m;  + ser-sec,1
"larvae, stage 56, sv 22.2",1
"larvae, day 16",1
f;skel,1
m; juv,1
"m; juv, sv 24.5; c&s",1
season,1
m; sv 54.0; c&s,1
f; sv 70.0 ; skel,1
f;  + c&s head,1
sv 245; c&s,1
stage 31 larvae; sv 10.7 tl 22.7; c&s,1
stage 31 larvae; sv 11.3 tl 24.1; c&s,1
f; sv 30.3; c&s,1
f; sv 87.0; c&s;  + skull,1
2pair,1
mature male in spawning condition,1
"m, f",1
5f + 6m,1
1f+1m+1?,1
1f+?,1
14m + 8f,1
pair seen,1
nestlings and adults,1
m; sv 24; c&s,1
2 birds,1
2500,1
distant,1
of juveniles,1
giving,1
going,1
change,1
c&s m; sv 32.9,1
tl 248,1
f; tl 1665 + 357,1
"skel, f, sv 141",1
"f; tl 1712 , t 266 , 11 embryos",1
"m; 1415 , 210",1
c&s f; sv 32.8,1
"f; tl 1984 t 254, skin;  + skull",1
"f; tl 1689 , t 245",1
"head , forefeet",1
c&s f; sv 24.8,1
partial shell,1
f; c&s;  + ser-sec vert col,1
"larvae, stage 43, sv 11.7, tl 30.5; c&s",1
"larvae, stage 40, sv 13.5, tl 45.2; c&s",1
f; sv 78.5; skel,1
"larvae, stage 46, sv 16.4; c&s",1
"f; tl 2118 + 168, 13 lb",1
"larvae, 22 days",1
"larvae, 38 days",1
stage 34 larvae; sv 19.1 tl 37.0; c&s,1
stage 40 larvae; sv 28.7 tl 80.3; c&s,1
stage 44 larvae; sv 28.6 tl 53.8; c&s,1
f; sv 43.4; c&s,1
f; sv 54.0 ; skel,1
m; sv 36.8  + ser-sec 4th right toe,1
large one male,1
sv 19.7; c&s,1
m; sv 55.1; c&s,1
3 eggs,1
"larvae, 247 days",1
f; sv 96.8; c&s,1
f; sv 76.0; c&s,1
f; sv 79.6;  + skull,1
m; sv 87.5; c&s;  + skull,1
m; c&s; sv 43.7  +  guts,1
f; sv 23.8; c&s,1
f; sv 74.2; c&s,1
17 eggs,1
"f; tl 1524 , t 202",1
m; sv 83.5; c&s;  + skull,1
m; sv 15.0; c&s,1
f; sv 56.3 ; skel,1
"juv,  c&s; sv 33.3",1
f; sv 79.5 ; skel,1
m; sv 80.5; c&s;  + skull,1
"f; sv 75.6; c&s;  + skin, gut",1
f; sv 61.5; skel,1
"sv 121; c&s;  + skull, vertebrae",1
m; sv 28.6  + ser-sec 4th right toe,1
"larvae, 43 hr",1
fêmes,1
m; sv 24.3; c&s,1
m; sv 48.1; c&s  + gut,1
f; sv 27.1; c&s,1
m; sv 18.2; c&s,1
"embryo, ser-sec",1
f; sv 40.1; c&s,1
m; sv 59.0; skel,1
f; sv 30; c&s,1
f; sv 49; c&s,1
11254,1
f; sv 17.0; c&s  + skin,1
m; sv 49.8; c&s,1
"larvae, stage 41, sv 22.1; c&s",1
"larvae, stage 38, sv 24.0 tl 60.6; c&s",1
"larvae, stage 42, sv 24.1 tl 54.8; c&s",1
"larvae, stage 31, sv 11.2 tl 19.4; c&s",1
"c&s, 17.4 mm svl",1
"#800 - male, #801 - female",1
fêmea com oócitos maduros,1
5 fêmeas e 3 machos,1
1 macho e 1 fêmea,1
"original data specifies #793 as male, #794 as female.",1
female (2),1
`,1
original data label specified sex as male,1
original data lists sex as male for both specimens,1
2 m e 2 f,1
"3 males, 1 female with eggs",1
all specimens male,1
females/ripe eggs,1
all females,1
both specimens female,1
gravid females,1
parental males,1
fêmea prenha com 2 ovos,1
not noted.,1
caught,1
not determinable,1
juvenile plumage,1
nat.,1
"male, female and juvenile",1
femea ovada,1
and tail,1
"larvae, stage 46, sv 16.9; c&s",1
"original data specifies sex as mix of male, female and immature.",1
"5 male, 5 female",1
femamle,1
formerly,1
ssp ?,1
fêmea madura repleta de ovócit,1
"02 machos, 03 fêmeas",1
38.6degc,1
males 5; females 7,1
female embryo present,1
"02 machos, 08 fêmeas",1
"fêmea, óvulos cor salmão",1
"01 macho, 02 fêmeas, 01 juveni",1
"01 macho, 03 fêmeas",1
female 1 gonad preserved,1
340 mm sl is a female ripe with eggs,1
female ?; male,1
fry,1
3 specimens females with eggs,1
female with large ovaries with small (0.7-0.8 mm) tightly packed eggs,1
female with eggs ?,1
tissue specimens are female,1
36 mm tl specimen is a female with eggs,1
original data specifies #603 as female,1
female with ripe eggs,1
possible male,1
measurements etc,1
m ?,1
significant degradation,1
yng.,1
imm.,1
w. 41,1
tissue 10096 muscle,1
female ?  dissected,1
"2 males, 9 females, 1 juvenile",1
may,1
original data specifies all female specimens,1
"2 males, 2 females",1
photographed specimen: male,1
ripe females,1
female full of ripe eggs,1
a: female,1
m; sv 71.5; skel,1
flew,1
making,1
age 65 days,1
age 45 days,1
"f; with eggs, sv 32.9; skel;  + c&s feet, h,s, pec",1
"larvae, day 3",1
"larvae, day 9",1
"f; juv, sv 18.6; c&s",1
s,1
m; sv 38.2; c&s,1
+ jaw,1
m; sv 26.2  + ser-sec 4th right toe,1
stage 63 larvae; ser-sec,1
stage 33 larvae; sv 13.1 tl 26.6; c&s,1
f; with eggs; sv 30.6; c&s,1
"larvae, stage 28, sv 30.1; c&s",1
2 pair,1
ff,1
femeale,1
2m + 2f,1
alevin,1
4m,1
2m+1juv,1
display,1
many adults,1
given as female,1
24,1
male? and female?,1
subad. calls,1
so,1
20? adults,1
in one individual,1
determination 50,1
f; sv 20.0; c&s;  + skin,1
m; sv 41.5  + sag sec 4th right toe,1
f; sv 27.6; c&s,1
m; sv 36.0; c&s,1
c&s m; sv 33.4,1
f; sv 24.6; c&s,1
f; sv 24.8; c&s;  + skin,1
m; sv 68.7; c&s,1
m; sv 20.2; c&s,1
"hatchlings , early development stages",1
m; sv 21.7; c&s,1
f; sv 22.6; c&s,1
m; sv 38.0  + ser-sec 4th right toe,1
f; sv 72.1; c&s,1
juvenile; shell,1
m; sv 57.9; c&s,1
m; sv 43.8  + ser-sec 4th right toe,1
"head, skin",1
"m; tl 1257 , t 220",1
f; tl 1534 . t 245,1
m; sv 49.0; c&s,1
f; sv 53.5; c&s;  + skull,1
"juv, sv 53.0; skel",1
sv 30.5; c&s,1
f; sv 83.1; c&s,1
m; sv 77.8; c&s,1
m; sv 25.2; c&s,1
skin prep,1
f; sv 21.8; c&s;  + skin,1
m; sv 49.5; c&s,1
m; sv 90.5; c&s;  + skull,1
f; sv 51; c&s,1
f; sv 78; skel,1
m; sv 60.0 ; skel,1
f; sv 33.3; c&s,1
tissue,1
+ ser-sec pectoral girdle,1
f; sv 70.5; c&s;  + skull,1
f; sv 56.0 ; skel,1
m; sv 56.0; c&s,1
c&s m; sv 54.3   +  skin  +  guts,1
f; sv 40.3; c&s,1
m; sv 71.0; skel,1
sv 53; c&s,1
f; sv 75.2; c&s,1
f; sv 64.5; c&s,1
"larvae; c&s, stage 33",1
m; sv 23.4; c&s,1
m; sv 51.1; c&s,1
sv 47; c&s,1
mummified,1
m; sv 78.5; c&s;  + skull,1
"larvae, stage 44, sv 21.5 tl 32.0; c&s",1
"larvae, stage 38, sv 23.1 tl 54.9; c&s",1
stage 38 larvae,1
"c&s, 14.4 mm svl",1
"f; skel, shell  + soft-parts, head (wet)",1
f; sv 27.2; c&s,1
f; sv 24.5; c&s,1
partial; skel,1
m; sv 65.5; c&s;  + skull,1
f; sv 23.6; c&s,1
m; sv 33.0; c&s,1
c&s f; sv 20.9,1
f; sv 26.4; c&s,1
f; sv 77;  + skull,1
+ ser-sec skin,1
f; sv 23.6; c&s  + skin,1
m; sv 52.4; c&s,1
m; sv 60.7; c&s,1
"larvae, stage 42, sv 14.6, tl 38.1; c&s",1
"stage 44, tl  9.8; c&s",1
m; sv 65.6; c&s,1
"larvae, stage 46, sv 18.2; c&s",1
"larvae, stage 46, sv 23.7; c&s",1
f; sv 20.6  + ser-sec vert col,1
"f; tl 1530 , t 217 , 8 embryos",1
f; c&s;  + ser-sec head,1
"f; tl 1559 , t 70 +  , 6  +  8 embryos",1
"m; tl 1759 , t 310",1
m; sv 38.5; skel,1
f; sv 117.0; skel,1
juv; c&s; sv 26.5,1
sv 189; c&s,1
m; sv 42.9; c&s,1
m; sv 55.0; skel,1
m; sv 73.5; c&s,1
m; sv 52.3; skel,1
f; sv 25.0; c&s,1
m; sv 15.6  + ser-sec 4th  right toe,1
f; sv 17.3; c&s,1
m; sv 51.0; c&s,1
f; tl 2118 + 244,1
m; sv 30.5;  + ser-sec 4th right toe,1
f; sv 79.1 ; skel,1
m; sv 104.0; skel,1
sv 1524  tl 195; skin,1
"f; with 19 + 21 eggs, tl 1923 + 361",1
"f; skin, skel",1
m; sv 96; c&s,1
"f; tl 1756 , t 271",1
m; tl 1490 t 224; skel,1
2n,1
f; sv 41.0; c&s,1
"tail, hemipenes",1
"larvae, stage 39, sv 21.7 tl 54.4; c&s",1
"larvae, stage 34, sv 15.2 tl 34.0; c&s",1
"larvae, stage 37, sv 24.5 tl 55.5; c&s",1
"larvae, stage 38, sv 22.6 tl 55.2; c&s",1
"larvae, stage 41, sv 24.8 tl 54.7; c&s",1
"larvae, stage 40, sv 25.3 tl 63.2; c&s",1
stage 35 larvae,1
"shell, skull",1
f; sv 66.0; c&s;  + skull,1
"larvae , eggs",1
"juv, sv 21.0; c&s",1
c&s f; sv 21.1,1
c&s f; sv 39.2,1
m; sv 47.2; c&s,1
"m; tl 1434 , t 222",1
m; sv 61.; skel,1
m; sv 43.4; c&s,1
f; sv 19.9; c&s  + skin,1
m; sv 35.4; c&s,1
f; sv 62.0; c&s,1
"embryo, sv 54; c&s;  + egg",1
"larvae, 235 days",1
m; sv 20.0; c&s,1
f; sv 39.8; c&s,1
m; sv 94.9; c&s,1
m; sv 56.6 ; skel,1
m; sv 86.5; c&s;  + skull,1
f; sv 27.7; c&s,1
c&s; sv 135,1
m; sv 18.8; c&s,1
m; sv 98.0; c&s;  + skull,1
"m; c&s; sv 72.7  +  skin , guts",1
1m + 3?,1
7 males (17.4-20.1 mm sl); 18 females (8.1-18.8 mm sl),1
"original data specifies 2 females, 1 male.",1
frozen specimen is female,1
"original data specifies #796 as male, #797 as female.",1
all females-ripe,1
"1 male (13.1mm sl), 1 female (15.8 mm sl)",1
6f + 4m,1
10f + 8m,1
no evidence of developed gonads,1
1f + 6m,1
apparently not recorded.,1
pair? gen. climate,1
one adult female?,1
1000,1
adults?,1
recordist marked,1
male ?; male ?,1
hatching data etc,1
too degraded,1
molt,1
puppy,1
fêmea com ovos,1
not certain.,1
male no tubercles developed,1
34 mm -female;49 mm -male,1
foraging,1
characteristics well.,1
"machos, fêmeas",1
"03 machos, 02 fêmeas",1
"10 machos, 16 fêmeas, 05 juven",1
1 m e 1 f,1
original data specified sex as female,1
1 8.0 female with eggs,1
m; sv 30.7; c&s,1
stage 25 larvae; sv  8.2 tl  18.0; c&s,1
stage 33 larvae; sv 13.3 tl 26.5; c&s,1
f; sv 36.0; c&s,1
f; sv 82.6;  + skull,1
m; sv 121.0; c&s;  + skull,1
m; sv 42.5; c&s,1
f; sv 98.3; skel,1
f; sv 47.0; c&s,1
lot of juvs,1
f; sv 29.5; c&s,1
m; sv 68.6; c&s,1
tl 2172,1
c&s m; sv 56.6,1
m; c&s; sv 72.3,1
"m; sv 56.4; c&s;  + skull , skin",1
f; sv 55.9; c&s,1
"larvae, stage 54, sv 13.0",1
verbally,1
2? males,1
one male,1
for males,1
with me.  1,1
indicated. gen. habitat,1
classes,1
seemed,1
m; sv 91.0; c&s;  + skull,1
"larvae, stage 58, sv 22.3",1
"larvae, day 8",1
"larvae, day 6",1
m; sv 72.2; c&s,1
"larvae, day 17",1
m; sv 32.75; c&s,1
f; sv 53.6; skel,1
sv 34; c&s,1
f; sv 30.9; c&s,1
m; skin,1
m; sv 30.4; c&s,1
m; sv 63.4 ; skel   + hyoid; c&s,1
egg mass,1
m; sv 19.8; c&s,1
"shell,skull",1
"larvae; c&s, stage 35",1
"m; sv 22.4, ser-sec 4th right toe",1
c&s f; sv 67.3,1
f; sv 79.8 ; skel,1
f; sv 59.5; c&s,1
skin only,1
sv 13.1; c&s,1
f; sv 57.4; skel,1
f; sv 43; c&s,1
"c&s f; sv 44.3  +  skin , guts",1
f; sv 50.3; c&s,1
f; sv 92.9; skel,1
f; sv 30.1; c&s,1
m; sv 56.3; skel,1
f; sv 44.6; c&s,1
c&s f; sv 73.7,1
m; sv 77.5; skel,1
sv 34.8; c&s,1
sv 115; c&s,1
"m; tl 1720 , t 273",1
m; sv 41.5; c&s,1
stage 40 larvae; sv 22.5 tl 43.5; c&s,1
stage 46 larvae; sv 22.1; c&s,1
stage 45 larvae; sv  33.2 tl 42.0; c&s,1
m; sv 40.0; skel,1
f; sv 22.2; c&s  + skin,1
m; sv 30.9; c&s,1
m; sv 97.0; skel,1
10 day larvae,1
m; sv 63.0; skel,1
f; sv 116.5; skel,1
"juv, sv 49.0; skel",1
m; sv 105.0; skel,1
m; sv 93.0; skel,1
m; sv 114.0; skel,1
f; sv 115.0; skel,1
f; sv 25.4; c&s;  + skin,1
m; sv 98.0; skel,1
sv 43; c&s,1
f; sv 119.5; skel,1
f; sv 40.4; c&s,1
sv 67.0 ; skel,1
broods,1
sv 46.1; c&s,1
"m; tl 1793 ,  t 211",1
"tl 1615 , t 270",1
"f; (iature), sv 29.2; c&s;  + ser-sec oviduct on r",1
f;  + eggs,1
m; juvenile; sv 25.9; c&s,1
"larvae, stage 46, sv 22.6; c&s",1
"m; larvae, stage 46, sv 17.4; c&s",1
"larvae, stage 46, sv 19.7; c&s",1
"larvae, stage 46, sv 16.8; c&s",1
m; sv 65; skel,1
m; skel;  + ser-sec head,1
m; c&s hyoid; skel,1
"larvae, gosner stage 36, sv 25.8 tl 61.5; c&s",1
f; sv 28.0; c&s,1
f; c&s; sv 18.1,1
m; sv 40.2; c&s,1
f; sv 52; c&s,1
"macho (holótipo), 02 machos e",1
recorded,1
ripe female-eggs removed,1
male (?),1
maÁe,1
designation illegible,1
femalemale,1
5m e 5f,1
"macho (holótipo), 01 macho (pa",1
of the holotype.,1
"02 machos, 03 fêmeas (lote ori",1
original data specifies a mix of male and female specimens with one immature fish as well.,1
1 female mature with eggs,1
several mature males,1
female with large ovaries with small (0.6 mm) very tightly packed eggs,1
necropsied starved,1
both specimens male,1
"larvae;  + 1, ser-sec",1
m; sv 44.1; c&s,1
f; sv 48.1; c&s,1
f; sv 45.1 ; skel,1
sv 69; c&s,1
m;   + skull,1
sv 381; c&s,1
"shell, skull  + soft-parts tank 22",1
m; sv 49.7; c&s,1
mature male with tubercles,1
indeterminable.  stomach saved.,1
8895,1
rotten,1
w. 140,1
pothole,1
organs destroyed.,1
queried,1
"larvae, day 4",1
rather,1
110,1
"larvae, day 10",1
"larvae, day 24",1
"c&s f; sv 38.0,  +  skin , guts",1
f; skel wet,1
"larvae, day 5",1
"larvae, day 13",1
of birds,1
"m; tl 1667, t 250",1
f; skel; c&s pec girdle,1
"f; juv, sv 19.7; c&s",1
stage 43 larvae; sv 30.8 tl 53.9; c&s,1
stage 42 larvae; sv 20.8 tl 46.4; c&s,1
f; with eggs; sv 33.2; c&s,1
"f; sv 57.3, tl 109.4; c&s;  + guts;  + eggs",1
8 adults,1
original data indicates sex of #654 as female,1
juvenil,1
linked,1
400 adults,1
1 male?,1
15 adults,1
female plumaged immature?,1
230,1
f; plus embryos,1
data entered,1
reacting,1
according,1
35,1
daily,1
specific,1
adultsl,1
f; sv 38.3; c&s,1
c&s; sv 266,1
f; sv 84.0 ; skel,1
204 hr larvae,1
f; sv 22.4; c&s,1
sv 182; c&s,1
f; sv 44.8; c&s,1
sv 55; c&s,1
sv 109; c&s,1
"larvae, 19 days",1
f; sv 28.4; c&s,1
shell + skel,1
f; sv 32.4,1
m; sv 17.8; c&s  + skin,1
m; sv 39; c&s,1
m; sv 39.2  + ser-sec 4th left toe,1
f; sv 40.9; c&s,1
m; sv 40.1;  + ser-sec 4th right toe,1
"larvae, stage 41, sv 46.0; c&s",1
"larvae, stage 37, sv 11.4, tl 38.1; c&s",1
m; sv 30.3; c&s,1
f; sv 40.2; c&s,1
f; sv 23.4; c&s,1
"m; sv 39.8,c&s",1
f; sv 78.0; skel,1
m; sv 85.0; c&s;  + skull,1
juv; c&s; sv 22.5,1
"eggs, missing 25 aug 95",1
juv; c&s; sv 26.7,1
+ captive bred.  locality is for parents.,1
f; ser-sec head only,1
m; sv 34.8; c&s,1
f; c&s; sv 25.7,1
skel+guts,1
f; sv 55.0; c&s;  + skull,1
not applicable,1
m; sv 33.7; c&s,1
"stage 52, sv 30.55; c&s",1
c&s m sv 53.1,1
m; sv 56.6; c&s,1
m; sv 41.6; c&s,1
m; sv 58.0; c&s,1
m; sv 53.5; c&s,1
spoiled,1
sv 35.0; c&s,1
feninino,1
male; female; male,1
dead on fence,1
in yellow pine,1
hanging,1
albino pheasant,1
female?  dissected,1
"larvae; c&s, stage 36",1
"larvae, stage 43, sv 22.5 tl 50.7; c&s",1
"larvae, stage 35, sv 15.4 tl 36.9; c&s",1
m; sv 44.2; c&s,1
"larvae, stage 42, sv 23.2 tl 56.5; c&s",1
"larvae, stage 44, sv 22.7 tl 49.3; c&s",1
stage 26 larvae,1
"larvae, stage 31, sv 29.8; c&s",1
f; sv ca 20; c&s,1
"skin , skull",1
f;  + ser-sec head,1
m; sv 44.6; c&s,1
+ pelvic girdle,1
m; sv 82.0; c&s,1
f; sv 48.1; skel,1
m; sv 78.0; c&s;  + skull,1
f; sv 77.0; c&s;  + skull,1
from,1
3 immatures,1
subadults,1
1? male,1
specified. behav. context,1
of leopard...  46,1
was calling.,1
must,1
wrong,1
juvenile?,1
3 adult male,1
is male. 3,1
her,1
"larvae, day 7",1
"larvae, day 14",1
"larvae, day 12",1
m; sv 65.0; skel,1
m; sv 57.0; c&s,1
several family groups,1
6f + 5m,1
13f + 6m,1
18 f + m,1
1f + 1ju,1
6f + 7m,1
4m + 5f,1
2f,1
omitted on label,1
age 77 days,1
sings,1
of nestlings.,1
presumed 3 adults,1
1 fledging,1
adult female,1
adult female? checked,1
4 pairs,1
f; sv 57.2; c&s,1
f; sv 56.1; skel,1
stage 25 larvae; sv 10.4 tl 21.2; c&s,1
stage 39 larvae; sv 23.7 tl 55.4; c&s,1
m; sv 19.7; c&s,1
m; tl 1716 + 220,1
sv 150; c&s,1
"m; skel , skin",1
f; sv 33.2; c&s,1
m; sv 39.9  + ser-sec 4th right toe,1
sv 62.8; c&s,1
"f; prob.  + ser-sec head, li 1-158",1
m; tl 1506 + 310,1
"m; tl 386, t 95; skin only;  + skel",1
m; sv 78.8; c&s,1
"f; with 18 embryos, tl 1870 t 198, skin;  + skel",1
"f; skin, skel, tl 840, t 52",1
stage 36 larvae; sv 22.3 tl 55.1; c&s,1
age 113 days,1
"larvae, day 19",1
"f; juv, sv 21.6; c&s",1
"skull, shell;  + soft-parts",1
m; sv 36.18; c&s,1
m; sv 49.9; skel,1
m; sv 32.5; c&s,1
c&s m juv,1
stranding record,1
m; sv 15.1; c&s  + skin,1
f; sv 70.2; c&s,1
m; sv 41.9; c&s,1
m; sv 17.40; c&s,1
"f; tl 1875 , t 260",1
m; sv 28.05; c&s,1
m; sv 96.0; skel,1
"m; tl 1683 , t 226",1
carapace,1
m; c&s;  + ser-sec vert col,1
c&s; f; sv 45.1,1
"larvae, stage 41, sv 13.2, tl 38.0; c&s",1
"stage 42, tl 13.8, sv 6.2; c&s",1
m; sv 58.2; c&s,1
sv 73; c&s,1
f; tl 1636 . t 130,1
"m; tl 1700 , t 240",1
m; sv 71.5; c&s;  + skull,1
"larvae, gosner stage 36, sv 26.8 tl 64.5; c&s",1
juv; c&s; sv 24.3,1
juv; c&s; sv 29.4,1
"larvae, stage 43, sv 32.3; c&s",1
m; sv 42.9; skel,1
"hatchling, sv 20; c&s",1
f; sv 119.0; skel,1
m; sv 87.0; c&s;  + skull,1
stage 41 larvae; sv 22.7 tl 52.4; c&s,1
stage 43 larvae; sv 28.4 tl 67.5; c&s,1
m; sv 40.4  + ser-sec 4th right toe,1
"+ hyoid , pectoral girdle",1
f; sv 39; c&s,1
f; sv 70.1; c&s,1
f; sv 45.2; c&s,1
c&s;  + ser-sec embryo,1
f; sv 71.2; c&s,1
f; sv 84.2 ; skel   + hyoid; c&s,1
sv 47.0; c&s,1
c&s m; sv 44.1,1
m; sv 61.7; skel,1
"sv 14.2; c&s, f",1
"tl 1360 , t 216",1
m; skel;  + skin only,1
f; sv 48.8; c&s,1
m; sv 25.4; c&s,1
f; sv 40.5; c&s,1
m; sv 18.8; c&s;  + skin,1
sv 18.2; c&s  + skin,1
"larvae, stage 46, c&s",1
f; sv 45.8; c&s,1
"m; skel, skull, plastron",1
head; c&s,1
108 hr larvae,1
"larvae, stage 37, sv 22.2 tl 49.4; c&s",1
"larvae, stage 42, sv 21.3 tl 52.5; c&s",1
"larvae, stage 40, sv 23.5 tl 54.1; c&s",1
"larvae, stage 32, sv 13.8 tl 30.8; c&s",1
"larvae, stage 33, sv 15.1 tl 32.5; c&s",1
"larvae, stage 36, sv 16.5 tl 36.8; c&s",1
"larvae, stage 37, sv 23.7 tl 53.6; c&s",1
sv 183; c&s,1
"f;?, juv; c&s",1
m; sv 62.0; skel,1
sv 165; c&s,1
m; sv 65.0 ; skel,1
f; sv 24.3; c&s,1
f; sv 17.4; c&s,1
"f; with eggs, sv 50.8; c&s",1
c&s; sv 47.5,1
stage 33 larvae; sv 13.6 tl 27.2; c&s,1
"f; , juv; c&s",1
+ partial; skel,1
f; sv 67.3; c&s,1
m; sv 39.0; c&s,1
f; sv 29.7; c&s,1
f; sv 54.1; c&s,1
f; sv 23.1; c&s,1
24 adults,1
male cuckolders,1
female niger x male vermiculatus,1
female ripe,1
4f + 9m,1
20 f + m,1
4m+7f+1j,1
1f + 4m,1
flukes missing,1
spent female,1
continued,1
birthdate,1
birds,1
4  adults,1
x adults,1
not known. quality,1
sub,1
fêmea grande,1
suspected,1
specimens #698 & 700 listed as female in original data; #699 listed as male.,1
female and male,1
"16.2 mm male, 16.1 mm female",1
"4 female,",1
male 1,1
"machos e fêmeas, reprodutivame",1
fêmea com aprox. 40 oócitos,1
one immature?,1
machos reprodutivos,1
6 machos e 5 fêmeas,1
2 machos e 4 fêmeas,1
female; based on plumage,1
female by plumage,1
f; double check sex on skin if possible,1
"female (364 mm), male (312 mm)",1
m; sv 58.5; skel,1
stage 42 larvae; sv 27.1 tl 72.0; c&s,1
f; sv 75.1;  + skull,1
"juv, sv 39.7, tl 70.7, ser-sec head , hyoid;  + ar",1
f; sv 45.9; c&s,1
"larvae, stage 26, sv 20.2; c&s",1
"larvae, stage 28, sv 27.9; c&s",1
m; sv 29.73; c&s,1
f; tl 2172 + 200,1
f; sv 28.6; c&s,1
"sv 59.8, tl 107.3; c&s;  + guts",1
f; sv 18.8; c&s,1
f; sv 44.3; c&s,1
tl 1435,1
m; sv 68.9; c&s,1
"head, tail only",1
"m; skel, h,s, feet, hyoid; c&s",1
"larvae, day 22",1
one female plumaged,1
of other bird,1
and age,1
hpf 200 hz.,1
tom,1
scolding,1
alarm chips. bna,1
tree,1
"1 male, 2 females",1
sv 34.3; skel,1
age 66 days,1
age 99 days,1
age 56 days,1
"larvae, stage 54",1
f; sv 72.2; skel,1
f; sv 53.3; skel,1
7 males (9.2-13.9); 7 females (11.4-16.7),1
07577,1
f ?,1
excessively fat,1
iris dark brown,1
or fat info,1
fêmea com filhote,1
clean,1
identified,1
female male,1
fm,1
produced,1
177 female,1
4 male; 1 female,1
macho.,1
m j.,1
macho e fêmea - casal,1
2 machos,1
f; sv 28.8; c&s,1
f; sv 23.5; c&s;  + skin,1
"larvae, stage 33, sv 35.1; c&s",1
"f; sv 71.5; c&s  + skin, stomach",1
m; sv 17.0; c&s,1
f; sv 27.4; c&s,1
f; sv 33.6; c&s,1
f; sv 24.3; c&s  + skin,1
sv 91.5; c&s;  + skull,1
"05 machos, 03 fêmeas",1
f; sv 63.8; c&s,1
m; c&s skull,1
"skel, f sv 51.1",1
m; sv 68.5; c&s,1
m; sv 24.8; c&s,1
m; sv 61.9; c&s,1
"stage 55, sv 48.6; c&s",1
confidence in identification,1
strata,1
one adult male,1
did,1
1000 adults,1
female plumaged,1
75,1
probably pair.,1
one immature,1
may be incorrect,1
c10,1
132 tape. std.,1
malel,1
not determined surely,1
"stage 60, from batch of ku 206509",1
m; sv 24.75; c&s,1
stage 64 larvae; ser-sec,1
skeletons are females,1
"fêmeas, macho com gônadas madu",1
"37 machos, 36 fêmeas",1
3 fêmeas e 3 machos,1
listed in book,1
"1 female with eggs (51mm), 2 males (66mm)",1
"female full of eggs, some ripp and loose",1
female (73);male (78),1
original data lists both fish as female.,1
c&s ; m,1
6m + 1f,1
10f + 6m,1
2f + 11m,1
1m + 9f,1
f + ?,1
3f + 5m,1
total,1
"f; tl 1540 , t 240",1
m; sv 32.8; c&s,1
f; sv 74.0; skel,1
f; sv 52.5; c&s;  + skull,1
f; 1625 + 340,1
"m; tl 2026 , t 315",1
"m; tl 488, t 105, skin, skel",1
"f; tl 1614 , t 200",1
c&s f; sv 30.5,1
m; sv 32.1; c&s,1
"f; tl 1190 t 253, skin;  + skull",1
"f; tl 660, t 145; skin only;  + skel",1
c&s f; sv 34.0,1
"f; tl 1587 , t [96]",1
m; sv 52.8; c&s,1
f; sv 32.5; c&s,1
"larvae, stage 44, sv 14.4, tl 26.9; c&s",1
m; sv 48.6; skel,1
f; sv 21.8; c&s,1
m; sv 15.55; c&s,1
f; sv 79.8;  + skull,1
f; sv 25.1; c&s,1
m; sv 57.8; skel,1
m; sv 101.0; c&s,1
f; sv 67.8; c&s,1
m; sv 62.6; c&s,1
f; sv 35.1; c&s,1
"m; juv, sv 28.9; c&s",1
f; sv 37.3;  + skull,1
f; sv 31.5; c&s,1
f; c&s;  + skel,1
f; sv 100.0; c&s;  + skull,1
m; sv 24.6; c&s,1
"f; sv 74.9; skel; c&s hyoid, pec girdle",1
"larvae, stage 35, sv 16.0 tl 38.8; c&s",1
m; sv 33.3; c&s,1
m; sv 23.6; c&s,1
156 hr larvae,1
"+ skull , vertebral column",1
shell (partial),1
m; sv 44.0; skel,1
m; sv 27.4; c&s,1
m; sv 29; c&s,1
"larvae; c&s, stage 28",1
"larvae, stage 28, sv 10.3 tl 16.6; c&s",1
"larvae, stage 42, sv 21.4 tl 54.4; c&s",1
"larvae, stage 42, sv 21.7 tl 52.5; c&s",1
"larvae, stage 46, sv 17.5; c&s",1
"c&s, 19.2 mm svl",1
+ oviducts,1
c&s; m;,1
+ skull + vertebrae,1
f; sv 17.2; c&s,1
m; sv 31.4; c&s,1
"m; larvae, stage 46, sv 22.0; c&s",1
"m; tl 1290 , t 220",1
"m; tl 1544 , t 221",1
"f; tl 1650 , t 187",1
f; sv 54.5; c&s;  + skull,1
"larvae, gosner stage 30, sv 20.7 tl 49.5; c&s",1
"m; skull, ser-sec",1
m; c&s; sv 18.6,1
m; sv 61.0; skel,1
f; sv 121.5; skel,1
m; sv 78.0; c&s,1
"f; sv 76.3; c&s forearms, ser-sec head",1
m; sv 16.3; c&s,1
f; sv 51.5; c&s,1
m; sv 23.2  + ser-sec 4th right toe,1
f; sv 70.1;  + skull,1
f; sv 21.7; c&s,1
"larvae; c&s, stage 37",1
f; sv 91.5; skel,1
sv 32; c&s;  + skin,1
f; sv 77.0 ; skel,1
f; sv 31.3; c&s,1
m; sv 22.9; c&s,1
f;(?); skel,1
sv m; sv 56.8  +  skin   +  guts,1
f; sv 31.32; c&s,1
m; sv 31.0; skel,1
m; sv 19.9; c&s,1
m; sv 48.5 ; skel,1
m; sv 48.9 ; skel,1
m; sv 46.8 ; skel,1
m; sv 65.8; c&s,1
"larvae, stage 32, sv 12.7 tl 26.2; c&s",1
f; sv 50; c&s,1
m; sv 27.5  + ser-sec 4th right toe,1
shell fragments,1
f; sv 3.0; skel,1
"f; eggs; skel, shell",1
f; sv 26.3; c&s,1
"larvae, stage 46, sv 17.7; c&s",1
"larvae, stage 35, sv 15.1 tl 37.0; c&s",1
m; sv 58.7; c&s,1
"larvae, stage 39, sv 24.9 tl 55.9; c&s",1
"larvae, stage 44, sv 18.4 tl 29.3; c&s",1
m; sv 17.7; c&s  + skin,1
f; sv 29.3; c&s,1
f; scute,1
"skel, m;",1
"juv, sv 18.5; c&s",1
frozen specimens both males,1
large-black male,1
gravid female,1
"7 female,",1
male on skin,1
females 2,1
mostly adults.,1
"02 machos, 04 fêmeas",1
original data specifies sex as female for both fish.,1
1 male;2 females,1
spent male,1
male and female morphs,1
males are tuberculate,1
ripe males,1
original data specifies #805 as female,1
"male, 16.8 mm sl; female, 14.5 mm sl",1
m;m,1
measure,1
"stage 53, sv 31.7; c&s",1
c&s m; sv 26.3,1
indeterminate.,1
07605,1
l. 5 in,1
captive,1
decomposed,1
g,1
f; sv 73.0; c&s;  + skull,1
could,1
is possibly female.,1
organs.,1
and incubation data,1
femaile,1
pregnant female,1
female (skeleton),1
c&s m; sv 59.6,1
m; sv 56.4; c&s,1
f; sv 47.5; c&s;  + skull,1
f; sv 22.3; c&s;  + skin,1
m; sv 22.5; c&s,1
"tl 1680 , t 238",1
"m; sv 52.2, tl 101.7, ser-sec head , hyoid;  + arm",1
f; sv 67.70; c&s,1
f; sv 76.0; skel,1
f; sv 80; skel,1
"eggs , embryos",1
"f; tl 1813 , t 178 , 15 embryos",1
"f; tl 1755 , 265 , 11 embryos",1
"m; tl 1645 , t 178",1
"m; tl 1910 , t 282",1
"tl 1463 , t 216 +",1
f; sv 54.4; c&s,1
m; sv 45.1; c&s,1
"f; with eggs, sv 51.7; c&s",1
"f; with eggs, sv 55.0; c&s",1
sv 65; c&s,1
"f; tl 260 t 0; c&s  + guts, skin",1
f; skel  + eggs,1
c&s;  + skull;  + skin (alc);  + hemipenes,1
f; with eggs; sv 31.9; c&s,1
m; sv 21.1; c&s,1
"larvae, stage 45, sv 13.3, tl 22.5; c&s",1
m; sv 28.4; c&s,1
sv 337; c&s,1
f; sv 72.9; c&s  +  skin  +  guts  +  eggs,1
c&s; m; sv 49.3,1
f; sv 66.3; c&s,1
stage 44 larvae; sv 29.6 tl  51.1; c&s,1
m; sv 40.0; c&s,1
f; sv 58.0; c&s;  + skull,1
f; sv 113.0; skel,1
sv 35.2; skel,1
m; sv 18.8; c&s  + skin,1
f; sv 107.1; c&s,1
f; sv 45.5; c&s,1
m; sv 66.8; c&s,1
m; sv 43.3; c&s,1
m; sv 37.4; c&s,1
"larvae, stage 40, sv 43.3; c&s",1
"larvae, 56 days",1
f; sv 53.3; c&s,1
f; sv 42.7; c&s,1
"m; skel, shell  + soft-parts , head (wet)",1
m; sv 33.5  + ser-sec 4th right toe,1
"c&s, 27.9 mm svl",1
m; sv 79.8; c&s,1
"f; tl 1566 , t 237",1
"larvae, stage 38, sv 11.6, tl 37.8; c&s",1
"larvae, 17 days",1
"stage 40, tl 15.7, sv 7.0; c&s",1
"stage 41, tl 14.7, sv 6.0; c&s",1
"larvae, stage 46, sv 26.1; c&s",1
sv 63.8; c&s,1
sv 33.2; skel,1
f; sv 48.0 ; skel,1
"larvae, stage 35, sv 17.6 tl 37.1; c&s",1
"f; tl 1830 , t 260",1
"m; tl 1540 , t 202",1
"m; , ser-sec head",1
sv 197; c&s,1
"larvae, stage 44, sv 17.4; c&s",1
skel (dry),1
27 day larvae,1
