"data.dwc:preparations","reps"
"hb",5775991
"skin",4273368
"1",3680471
"whole",2989418
"pinned",2942073
"ethanol",2941782
"dry",2545037
"alcohol",2027586
"skull",1965238
"sheet",1552409
"animal",1234237
"organism",1185446
"dried",1182401
"on",1104277
"etoh",1087193
"70",981463
"pin",906907
"study",902717
"skeleton",795999
"fluid",735383
"tissue",614270
"alcoholic",510376
"shell",494401
"r",443159
"unknown",420573
"fossil",413047
"default",375693
"in",364732
"alc",359584
"frozen",359134
"s",358994
"slide",342204
"9999",332535
"specimen",328639
"pointed",290269
"prep",280806
"vial",273626
"mounted",263232
"round",261469
"75",243611
"2",241179
"c",217422
"packet",210396
"eggs",205160
"skel",199244
"y",196625
"herbarium",194861
"and",189306
"isopropanol",188777
"sk",186967
"formalin",184830
"not",182495
"ss",181491
"liver",180671
"10",170094
"0",167592
"mount",167012
"3",154620
"95",141936
"complete",141887
"single",139998
"envelope",125642
"lichen",116408
"heart",114746
"sheets",114676
"postcranial",113591
"kidney",109029
"body",106307
"from",103288
"egg",101377
"preserved",99955
"100",99940
"partial",99027
"4",95283
"with",87298
"tiss",87240
"within",86517
"isoh",84800
"type",84779
"pressed",83963
"exsicatas",83941
"jar",82920
"blood",80877
"spread",80427
"form",79069
"a",78776
"microslide",78427
"originally",77328
"tooth",69342
"wing",68545
"mandible",67064
"spleen",66673
"bone",66026
"dna",61302
"5",59287
"lung",57974
"l",57616
"cranium",54089
"microscope",51500
"microslides",50479
"m",50242
"wet",49541
"al",46999
"fixed",43838
"6",43020
"muscle",41771
"nitrogen",41510
"point",40826
"liquid",40800
"photograph",40772
"dentary",37727
"sb",37703
"frag",36961
"sn",36482
"ok",36142
"pollen",36081
"only",35652
"alcool",34548
"incomplete",33805
"vertebra",33701
"observation",33481
"sample",32956
"subsample",32949
"secondary",32853
"7",32000
"thin",31473
"carded",30514
"or",28869
"left",28766
"right",28623
"8",28023
"stained",27209
"remnants",26676
"flat",26651
"m1",25572
"cleared",24786
"fragment",24672
"glycerin",24386
"nest",24338
"no",24294
"sections",23390
"balsam",22843
"rnalater",22788
"m2",21869
"extract",21820
"valve",20848
"freezer",20781
"9",20720
"ectoparasite",19864
"card_mount",19596
"w",19244
"stomach",18826
"light",18452
"individual",18192
"small",17929
"isopropyl",17862
"leaf",17819
"phalanx",17335
"p",17114
"primary",17025
"part",16987
"disarticulated",16958
"m3",16699
"p4",16326
"12",16256
"paper",16117
"ou",15445
"pele",15115
"fechada",15114
"taxidermizada",15114
"11",15001
"miscellaneous",14847
"fossilinvertprep",14837
"baculum",14045
"jaw",13657
"at",13536
"humerus",13450
"frags",13422
"section",13399
"other",13352
"ulna",13273
"entire",13217
"cast",12934
"femur",12932
"paleo",12919
"nfn",12553
"solução",12360
"em",12265
"conservado",12145
"15",12011
"tissues",11978
"radius",11961
"asr",11679
"clutch",11635
"20",11571
"xy",11419
"13",11231
"slidemount",11152
"alcoólica",11147
"polyester",11122
"ice",10982
"so",10798
"plate",10604
"strewn",10243
"pes",10238
"14",10219
"sa",9936
"unspecified",9916
"80",9850
"bag",9722
"sperm",9610
"carcass",9584
"distal",9527
"full",9501
"n",9488
"maxilla",9421
"post",9407
"othr",9350
"kit",9143
"unsectioned",9111
"cells",9074
"cranial",8825
"seed",8726
"exsicata",8665
"solution",8648
"removed",8548
"alko",8537
"manus",8489
"spirit",8332
"photo",8272
"remainder",8266
"16",8211
"teeth",8125
"voucher",8090
"proximal",8044
"flash",7985
"winged",7946
"embryo",7913
"karyotype",7821
"intact",7691
"data",7556
"lame",7458
"specimens",7416
"17",7399
"g",7329
"25",7214
"swab",7093
"misc",7071
"i",7028
"18",6970
"omega",6910
"set",6822
"rib",6704
"oral",6633
"feces",6610
"palynomorph",6562
"eggshell",6557
"photos",6526
"blown",6464
"smear",6344
"stain",6298
"dissected",6273
"acetate",6227
"osteological",6205
"denton",6116
"30",6101
"tibia",6071
"sorting",6034
"osteoderm",6013
"osteo",5870
"shells",5788
"ultraviolet",5692
"19",5659
"microtechnique",5659
"cran",5607
"juvenile",5509
"claw",5454
"vapor",5453
"p3",5330
"astragalus",5320
"exch",5308
"unicata",5265
"anatomical",5261
"pva",5236
"molar",5230
"glass",5025
"vertebrae",4996
"21",4978
"of",4965
"sem",4959
"phase",4905
"gut",4868
"fruit",4860
"ink",4853
"cryovial",4843
"radiograph",4826
"larvae",4819
"papered",4783
"illustration",4770
"22",4719
"taxidermy",4687
"scapula",4682
"tail",4671
"eggset",4623
"hoyer's",4620
"broken",4610
"pen",4561
"50",4523
"exoskeleton",4492
"b",4491
"ssku",4452
"trap",4437
"caudal",4432
"bones",4423
"one",4391
"lm1",4385
"23",4361
"lcool",4361
"cestode",4325
"amber",4314
"metatarsal",4296
"lote",4260
"molecular",4187
"lower",4160
"24",4145
"macroscopic",4128
"object",4128
"less",4068
"bottle",4066
"head",4054
"metapodial",4028
"pt",3940
"carapace",3797
"duplicate",3779
"self",3772
"cartilage",3769
"available",3762
"x",3730
"tarsometatarsus",3728
"calcaneum",3696
"metacarpal",3681
"tibiotarsus",3673
"coracoid",3656
"histological",3641
"upper",3620
"jewett",3602
"26",3554
"cervical",3541
"for",3516
"digital",3515
"oversized",3515
"syrinx",3496
"centrum",3470
"fragments",3440
"v",3402
"clip",3357
"contents",3298
"skinn",3291
"27",3283
"none",3275
"counterpart",3256
"cheek",3236
"torrpreparat",3233
"extraction",3218
"stub",3216
"hs",3186
"file",3185
"k2cr2o7",3167
"buffer",3145
"iii",3136
"hex",3125
"collection",3118
"jaws",3101
"max",3101
"peripheral",3099
"bird",3097
"d",3097
"box",3093
"thoracic",3092
"neural",3080
"image",3076
"content",3075
"carc",3033
"nematode",3029
"28",3007
"lm2",2977
"deaccessioned",2954
"alfinetado",2924
"tecido",2900
"peel",2878
"prox",2878
"peels",2828
"40",2800
"lot",2795
"dist",2783
"material",2758
"digit",2753
"29",2749
"sweeping",2748
"antler",2745
"parts",2733
"slides",2724
"shugart",2719
"carpometacarpus",2688
"spine",2685
"cut",2681
"feather",2678
"card",2675
"p2",2663
"skeletal",2637
"penis",2610
"photographic",2580
"saliva",2577
"mx",2563
"35",2557
"edta",2554
"microfossil",2545
"bristol",2535
"de",2533
"preservation",2514
"end",2488
"plaster",2460
"31",2443
"herborização",2440
"32",2387
"axis",2382
"undetermined",2370
"lm",2362
"ca",2354
"medium",2340
"lp4",2338
"qiagen",2322
"e",2313
"two",2302
"horn",2299
"limb",2296
"endoparasite",2279
"anterior",2274
"malaise",2272
"all",2229
"33",2225
"foliated",2217
"um1",2216
"otolith",2190
"90",2178
"et95",2174
"buckler",2172
"to",2170
"tanned",2163
"34",2144
"u",2130
"ii",2126
"iv",2093
"lumbar",2086
"ungual",2070
"pelvis",2054
"ear",2050
"sl",2034
"label",2030
"rm",2030
"wn",2015
"tank",2005
"trunk",1995
"incisor",1990
"brain",1974
"36",1970
"costal",1967
"dmso",1966
"intestine",1935
"plastron",1932
"rna",1915
"t",1912
"gallon",1905
"hyoid",1901
"core",1888
"academy",1886
"than",1869
"38",1865
"types",1847
"j",1837
"innominate",1833
"later",1829
"37",1823
"drawer",1823
"recording",1821
"epiphysis",1814
"hide",1812
"jelly",1808
"adult",1803
"blacklight",1801
"glans",1794
"tongue",1779
"genitalia",1776
"lm3",1768
"isolated",1751
"abdomen",1726
"element",1720
"baubellum",1713
"39",1699
"tract",1671
"scale",1648
"96",1598
"container",1597
"alsever's",1585
"dorsal",1582
"álcool",1577
"frontal",1573
"mammal",1560
"hardcopy",1559
"leg",1552
"alizarin",1543
"demounted",1528
"seco",1518
"flat_skin",1517
"um2",1514
"atlas",1510
"droker",1507
"la",1490
"serum",1487
"echinoid",1478
"posterior",1478
"tusk",1468
"42",1453
"dp4",1446
"41",1442
"transeau",1434
"45",1419
"color",1418
"hair",1412
"half",1410
"lysis",1405
"fibula",1395
"tree",1395
"hyperostotic",1392
"queen",1391
"research",1390
"multiple",1389
"chromosome",1381
"squash",1379
"ready",1376
"dp",1363
"43",1348
"exsiccata",1345
"bill",1343
"sectioned",1337
"mandibles",1329
"museum",1320
"up4",1319
"stem",1317
"premaxilla",1307
"vials",1300
"matrix",1297
"44",1289
"associated",1286
"macerated",1284
"paired",1279
"boxes",1268
"46",1251
"toe",1249
"f",1246
"ethmoid",1245
"bulky",1223
"skul",1208
"podial",1194
"palate",1185
"wt",1179
"gastrointestinal",1177
"casent",1176
"physical",1176
"assoc",1169
"fascicle",1164
"60",1159
"px",1159
"culot",1156
"résidus",1156
"48",1154
"ectoparasites",1152
"fin",1150
"toepad",1147
"47",1145
"rm1",1145
"skjel",1143
"i1",1136
"dermal",1130
"watercolor",1124
"nc",1110
"edentulous",1107
"trace",1101
"spec",1099
"hemipenis",1098
"ilium",1098
"49",1092
"notes",1092
"52",1083
"record",1082
"incompl",1076
"exchanged",1075
"ant",1070
"92",1068
"destroyed",1067
"lp3",1059
"missing",1055
"nearly",1055
"55",1048
"cuboid",1043
"bulk",1038
"navicular",1028
"embedded",1022
"foot",1019
"premolar",1016
"pedal",1012
"squelétisé",1009
"51",1002
"canine",1002
"leaflet",991
"ramus",991
"sesamoid",980
"formol",973
"71",970
"batch",970
"phalanges",969
"note",966
"otoliths",958
"53",957
"eye",955
"multi",954
"mixed",949
"scute",939
"vibrissa",936
"fish",934
"wood",928
"mont",918
"m4",916
"epiplastron",910
"rm2",910
"johnson",909
"absoluto",904
"capsule",901
"cone",897
"prepped",896
"good",885
"bold",882
"wings_tail",882
"dp3",876
"remnant",876
"fused",874
"elements",872
"feathers",867
"craighead",863
"pectoral",862
"living",854
"supraoccipital",853
"scales",851
"54",848
"shaft",846
"alcorn",844
"h",843
"ray",838
"well",832
"long",830
"85",823
"dh",822
"molariform",822
"quadrate",817
"um3",808
"56",807
"analysis",804
"rp4",801
"p1",800
"premaxillary",799
"arch",795
"large",792
"modified",787
"acid",785
"mold",785
"osteoderms",783
"57",781
"sske",779
"coprolite",774
"3n",770
"58",768
"blubber",764
"lp2",761
"vomer",761
"operculum",760
"tip",758
"eod",755
"up3",755
"etched",748
"genital",747
"three",742
"beating",739
"wings",737
"preparation",733
"cleaned",724
"portion",724
"carpal",722
"ovulate",722
"bouin's",721
"permount",719
"thorax",718
"sternum",717
"ventral",712
"non",711
"pharyngeal",707
"59",706
"gelatin",705
"prints",698
"plasma",694
"markello",685
"median",678
"gift",672
"62",671
"61",666
"vertebral",664
"complex",663
"lateral",663
"sampled",657
"65",651
"ot",650
"block",648
"petrosal",648
"chromosomes",647
"lwr",645
"state",644
"hypoplastron",641
"64",638
"viscera",638
"magnum",637
"then",637
"compton",636
"phalange",634
"66",627
"axes",626
"baleen",623
"skjel.deler",620
"vi",615
"branch",614
"eyes",613
"sp",613
"63",612
"imbricating",611
"scaphoid",611
"cold",610
"cuneiform",607
"work",607
"dentaries",605
"67",603
"bulla",601
"pieces",598
"screen",598
"model",597
"sweep",597
"patella",587
"moscow",585
"tarsal",584
"reproductive",583
"punch",577
"articulated",572
"up2",568
"darwin",567
"68",565
"sacrum",560
"flatskin",550
"mercury",550
"squamosal",549
"lmx",545
"unciform",545
"phallus",542
"scope",541
"ossicles",539
"rmx",537
"rostrum",537
"worn",537
"maxillary",536
"buff",535
"lunar",535
"natural",533
"separate",531
"k",528
"nuchal",527
"juv",524
"69",522
"genbank",521
"acetabulum",518
"hurley",515
"monterad",515
"glycerine",513
"gosliner",512
"ps",512
"gonad",501
"by",499
"lc",497
"pathological",490
"calcaneus",489
"live",489
"mince",486
"nests",483
"sss",480
"es",476
"73",472
"pinnned",470
"talon",468
"uc",467
"foto",466
"hvci",466
"taken",466
"paraffin",465
"synsacrum",465
"ribs",464
"74",463
"formalina",463
"ectocuneiform",462
"separated",462
"72",461
"76",460
"hind",456
"schmidt",456
"russia",455
"mgso4",453
"usnm",452
"101",451
"rm3",449
"parietal",447
"pterygoid",445
"images",442
"bac",441
"o",441
"pisiform",441
"specified",440
"embryos",438
"freeze",438
"furcula",437
"cheektooth",436
"skinnlagd",434
"angular",428
"colonies",428
"jugal",421
"clear",420
"1more",419
"z",416
"mcmannama",414
"booth",412
"molars",412
"shed",412
"parasites",411
"soil",411
"piotrowski",410
"seawater",410
"78",408
"81",407
"dissection",407
"79",405
"very",403
"flight",401
"reprint",399
"trackway",398
"pelt",397
"ossified",396
"skinned",396
"incisors",395
"77",394
"200",393
"2more",392
"never",392
"intercept",389
"metapodials",389
"carbon",388
"dust",388
"gauze",388
"impression",387
"probably",387
"tendon",387
"manual",384
"83",381
"dp2",381
"endoparasites",381
"national",381
"glycol",380
"number",380
"propylene",380
"medial",378
"mid",376
"scutes",376
"cannon",375
"history",375
"podials",374
"diaphragm",373
"ischium",370
"82",364
"periotic",362
"um",362
"1or2",361
"84",360
"ix",360
"microfuge",359
"ultralow",359
"3more",356
"tibiofibula",356
"86",355
"ne",354
"ypm",352
"hyoplastron",349
"lp",349
"transfer",346
"sacral",345
"vii",344
"micr",342
"midden",342
"genitalic",339
"mummified",338
"marginal",336
"mummy",336
"subfossil",336
"glued",335
"na",335
"subopercule",335
"mooi",332
"88",331
"bórax",331
"com",331
"neutralizada",331
"proporção",331
"93",326
"89",325
"cheney",321
"barnacle",320
"over",320
"inominate",319
"pelvic",319
"plastic",316
"rp",316
"organer",315
"spines",315
"glue",314
"pad",314
"knutson",313
"margin",313
"97",312
"clavicle",312
"preopercule",311
"funnel",308
"lindgren",308
"87",305
"skulls",305
"tympanic",305
"as",303
"150",302
"c1",301
"ph",301
"process",301
"articular",300
"paulson",299
"plates",299
"99",297
"micrograph",297
"mouthplate",297
"schmoo",295
"colony",294
"humeral",294
"postcrania",293
"scratchboard",292
"tube",292
"basioccipital",291
"cran.deler",291
"euparal",291
"moon",288
"palynomporph",287
"abdominal",286
"co",283
"dorsoventral",283
"antlers",282
"91",281
"audio",281
"any",280
"relaxed",279
"frystorkad",278
"i3",278
"postcleithra",278
"94",277
"freshwater",276
"banana",274
"105",272
"bacula",272
"i2",272
"first",271
"mand",271
"xii",271
"sediment",270
"maxell",268
"polished",268
"symphysis",267
"damaged",266
"li1",266
"vocalizaá",266
"chevron",265
"condyle",265
"poor",265
"riker",264
"102",262
"humeri",262
"diatom",261
"kitchin",260
"mylar",260
"pair",260
"xiphiplastron",259
"120",258
"trapezoid",258
"stuffed",255
"trigonid",255
"wingspread",253
"98",252
"entoplastron",252
"various",252
"os",251
"talonid",250
"lp1",247
"splenial",247
"biorepository",245
"cleithrum",244
"occipital",244
"plant",244
"air",243
"shmoo",243
"pterygiophore",242
"slab",242
"mgcl",241
"patch",240
"peripherals",240
"radula",239
"ui1",239
"104",238
"up1",238
"auditory",237
"dup4",237
"clitoris",236
"unassociated",236
"needle",234
"borax",232
"pubis",232
"dentition",231
"500",230
"lightly",230
"water",230
"108",229
"host",229
"li2",229
"replica",229
"scapholunar",229
"suction",228
"proteose",225
"rossboard",225
"be",224
"brush",224
"mole",224
"robot",224
"zoological",224
"hukari",223
"anomalous",222
"unassoc",222
"vibrisse",222
"110",221
"frontals",221
"ovary",221
"sec",221
"thirds",221
"electron",219
"ser",219
"alco",216
"killed",216
"unprepared",216
"103",215
"106",215
"scanning",215
"anal",214
"tape",214
"perched",213
"107",212
"soft",212
"testes",211
"1st",210
"115",209
"113",208
"suboperculum",208
"kunhm",207
"formaldeido",206
"goodheart",205
"fi",204
"112",203
"et",203
"suriname",203
"horns",202
"radioulna",202
"vert",202
"bridge",201
"buffered",201
"mandibular",200
"noaa",199
"pencil",199
"pygal",199
"girdle",198
"wingpunch",197
"coloré",196
"eclairci",196
"row",196
"300",195
"valdes",195
"ethyl",194
"immature",194
"spicule",194
"sternal",194
"cracked",193
"plus",192
"double",191
"minus",191
"cross",190
"opercule",190
"pan",190
"port",190
"rostral",189
"ui2",188
"young",188
"carnegie",187
"interclavicle",187
"middle",187
"116",186
"119",186
"mgcl2",184
"filter",183
"hyplural",183
"many",183
"shark",183
"smithsonian",183
"109",180
"111",180
"117",180
"femora",179
"man",177
"micro",177
"ui3",177
"crab",176
"defoliated",176
"122",175
"kb",175
"palatine",175
"parasitized",175
"feet",174
"lat",174
"118",173
"dlp4",173
"fragmentary",173
"indre",173
"li3",173
"loaned",173
"ossacrum",173
"third",173
"114",172
"larva",172
"makela",172
"pelleted",172
"yellow",172
"130",171
"dscn",171
"trematode",171
"121",170
"astragali",170
"ethanol75",169
"postorbital",169
"pb",168
"etc",167
"nov",166
"bg",165
"enriched",165
"140",164
"cr1",164
"125",163
"ceratohyal",163
"discarded",163
"present",163
"roof",160
"dental",159
"negatives",159
"beak",158
"cigarettes",158
"thallus",158
"123",157
"lm1or2",157
"pleural",157
"133",156
"pitfall",156
"rm1or2",156
"sternebra",156
"tadpoles",156
"region",155
"extracted",154
"129",153
"central",153
"rap",153
"124",152
"m1or2",152
"microphotograph",151
"spur",151
"subopercula",151
"unidentified",151
"dudley",150
"see",150
"2015",149
"erdschreiber's",149
"may",148
"needles",148
"obs",148
"paramedial",148
"root",148
"128",147
"belgrade",147
"caud",147
"glenoid",147
"135",146
"weaver",146
"à",146
"131",145
"li",145
"molothrus",145
"plastral",145
"rnp",145
"sagitta",145
"xiii",145
"coprolites",144
"2nd",143
"hyo",143
"splint",143
"ytre",143
"127",142
"formaldehyde",141
"the",141
"líquido",140
"microdissection",140
"126",139
"dors",139
"fair",139
"ground",139
"level",139
"munro",139
"132",138
"ethmoids",138
"mounts",138
"power",138
"several",138
"bmnh",137
"formerly",137
"found",137
"freezing",137
"headless",137
"nasal",137
"near",137
"ponited",137
"141",136
"ater",136
"hoof",136
"p7",136
"piece",136
"134",135
"roots",135
"rp3",135
"centra",134
"side",134
"testis",134
"136",133
"red",133
"alive",132
"cephalic",132
"out",132
"premax",132
"philadelphia",130
"sciences",130
"211",129
"erupting",129
"forelimb",129
"upr",129
"h2o",128
"organs",128
"138",127
"145",127
"except",127
"four",125
"137",124
"bm",124
"leafy",124
"legs",124
"notat",124
"tubes",124
"uf",124
"160",123
"cabinet",123
"ction",123
"miles",123
"photoslides",123
"se",123
"cm",122
"deciduous",122
"t.m",122
"boiled",121
"destructive",121
"diaphysis",121
"153",120
"dup3",120
"ácool",120
"1952",119
"tibiae",119
"139",118
"146",118
"gouache",118
"limbs",118
"vellum",118
"142",117
"148",117
"152",117
"inside",117
"mm",117
"zygapophysis",117
"postsacral",116
"some",116
"144",115
"156",115
"guard",115
"metacarpals",115
"most",115
"parasphenoid",115
"case",114
"histology",113
"jr",113
"latex",113
"1960",112
"emb",112
"143",111
"maxillae",111
"both",110
"column",109
"dc",109
"kassert",109
"located",109
"skult",109
"university",109
"preoperculum",108
"strandtmann's",108
"videoboard",108
"woody",108
"astragulus",107
"coral",107
"precaudal",107
"braincase",106
"jackets",106
"segment",106
"147",105
"1nv",105
"hemipenes",105
"paramedian",105
"female",104
"glycerol",104
"up",104
"167",103
"dlp2",103
"fomalin",102
"hyperostosed",102
"including",102
"surangular",102
"1970",101
"exoccipital",101
"ke",101
"original",101
"shield",101
"162",100
"1963",100
"alveolus",100
"dlp3",100
"is",100
"nerve",100
"159",99
"250",99
"dubois",99
"individuals",99
"infructescence",99
"lab",99
"naviculocuboid",99
"po",99
"151",98
"154",98
"157",98
"brown",98
"denticles",98
"institution",98
"partially",98
"pouch",98
"samara",98
"xi",98
"149",97
"175",97
"4more",97
"alveoli",97
"bearing",97
"bohlman",97
"crest",97
"determined",97
"fat",97
"nico",97
"phosphate",97
"us",97
"casts",96
"1955",95
"input",95
"lacking",95
"pickle",95
"airbrushed",94
"barb",94
"barrel",94
"262",93
"astrag",93
"background",93
"med",93
"pinna",93
"155",92
"canon",92
"coverslip",92
"1958",91
"base",91
"bucket",91
"carpals",91
"edent",91
"saline",91
"skeletons",91
"158",90
"cap",90
"cerv",90
"crop",90
"glicerina",90
"hyomandibular",90
"leaves",90
"packed",90
"photoslide",90
"168",89
"bauer",89
"churn",89
"dup2",89
"soilwater",89
"vacuum",89
"valves",89
"walker",89
"washington",89
"161",88
"caudals",88
"finley",88
"fossilized",88
"remains",88
"segments",88
"180",87
"1000",87
"claws",87
"fiberglass",87
"fv",87
"intermediate",87
"tarsus",87
"ulnae",87
"164",86
"costals",86
"et98",86
"p5",86
"postcleithrum",86
"subadults",86
"calcanea",85
"iso",85
"lugol",85
"pvlp",85
"r.d",85
"shale",85
"stubs",85
"transparency",85
"ansp",84
"entocuneiform",84
"footprint",84
"postcranials",84
"ui",84
"169",83
"carnassial",83
"corado",83
"depois",83
"diafanizado",83
"field",83
"jars",83
"neon",83
"prélevé",83
"terminal",83
"viii",83
"165",82
"rami",82
"stored",82
"hypural",81
"jim",81
"kleine",81
"metatarsals",81
"numerous",81
"166",80
"170",80
"assorted",80
"172",79
"completly",79
"trig",79
"400",78
"radii",78
"sprit",78
"tarsals",78
"test",78
"bullae",77
"suprapygal",77
"baltic",76
"oct",76
"traseau",76
"163",75
"176",75
"185",75
"1951",75
"1976",75
"5more",75
"chev",75
"dorsals",75
"heat",75
"in1963",75
"inflorescence",75
"meta",75
"pellet",75
"urostyle",75
"1964",74
"basicranium",74
"cervicals",74
"dmnh",74
"flower",74
"imm",74
"premolars",74
"same",74
"saved",74
"denticle",73
"greater",73
"neck",73
"188",72
"4th",72
"basisphenoid",72
"coquille",72
"mesocuneiform",72
"ovaries",72
"p11",72
"photo:drumm",72
"ventrolateral",72
"182",71
"190",71
"1972",71
"cf",71
"crown",71
"nacl",71
"nmfs",71
"occiput",71
"sc",71
"tadpole",71
"179",70
"1m",70
"blocks",70
"bs",70
"corpus",70
"drawings",70
"mass",70
"turtle",70
"174",69
"178",69
"183",69
"193",69
"excellent",69
"inypcc",69
"male",69
"reared",69
"scapulae",69
"transverse",69
"194",68
"196",68
"frond",68
"ldp4",68
"wall",68
"zygomatic",68
"173",67
"204",67
"bottom",67
"bx",67
"internal",67
"lacustrine",67
"parietals",67
"parks",67
"prootic",67
"scrap",67
"sed",67
"track",67
"tracks",67
"186",66
"198",66
"6more",66
"acetabular",66
"but",66
"coronoid",66
"fore",66
"gastric",66
"horncore",66
"last",66
"texas",66
"view",66
"192",65
"concretion",65
"gel",65
"guts",65
"p8",65
"restoration",65
"171",64
"187",64
"189",64
"191",64
"alex",64
"barnacles",64
"bouins",64
"carter",64
"cores",64
"ruchty",64
"177",63
"197",63
"formaldeído",63
"hash",63
"needled",63
"off",63
"palates",63
"prefrontal",63
"surface",63
"01",62
"cleithra",62
"crushed",62
"presumed",62
"standing",62
"184",61
"composite",61
"electrophoretic",61
"gonads",61
"riker_mount",61
"199",60
"202",60
"208",60
"220",60
"formolsprit",60
"incissor",60
"residue",60
"ti",60
"xvi",60
"181",59
"blade",59
"met'ing",59
"opercula",59
"prepared",59
"pronotum",59
"repaired",59
"shoulder",59
"twig",59
"207",58
"alc.fluid",58
"baby",58
"framed",58
"imperfect",58
"mc",58
"ossicle",58
"remarks",58
"schmitt",58
"warburton",58
"xray",58
"1962",57
"cubonavicular",57
"dactyli",57
"exc",57
"fur",57
"illium",57
"naviculo",57
"permanent",57
"pinnule",57
"possible",57
"rock",57
"scalp",57
"steinkern",57
"trachea",57
"201",56
"228",56
"burleigh",56
"exuvia",56
"fragmented",56
"hemapophysis",56
"histo",56
"paddle",56
"palatal",56
"pupal",56
"s.p",56
"unerupted",56
"uterus",56
"02",55
"05",55
"elytron",55
"ends",55
"florida",55
"gr",55
"limestone",55
"ling",55
"macro",55
"prearticular",55
"stapes",55
"tal",55
"twigs",55
"209",54
"217",54
"aug",54
"condition",54
"dp1",54
"edson",54
"ilia",54
"marta",54
"pola",54
"portions",54
"pr",54
"scapulocoracoid",54
"sko",54
"195",53
"210",53
"213",53
"237",53
"board",53
"carcass.fluid",53
"cd",53
"chloroform",53
"mtdna",53
"paris",53
"phenol",53
"snout",53
"temporal",53
"untanned",53
"203",52
"229",52
"231",52
"1f",52
"also",52
"jay",52
"june",52
"225",51
"3rd",51
"etoh:unfixed",51
"gastralia",51
"gevir",51
"juvs",51
"loose",51
"mt",51
"orm1or2",51
"ri1",51
"tarsometarsus",51
"thigh",51
"212",50
"219",50
"almost",50
"echinoids",50
"femoral",50
"intercentrum",50
"meat",50
"mnd",50
"rings",50
"series",50
"205",49
"214",49
"216",49
"223",49
"238",49
"1953",49
"04",49
"7o",49
"8more",49
"ad",49
"are",49
"dentory",49
"elevated",49
"palatoquadrate",49
"radio",49
"subopercle",49
"u2",49
"206",48
"acético",48
"bituminous",48
"blue",48
"folded",48
"formal",48
"gill",48
"glands",48
"gp",48
"list",48
"mostly",48
"postcranium",48
"pres",48
"sskult",48
"256",47
"03",47
"alaska",47
"anchorage",47
"collectors",47
"eft",47
"ornithological",47
"parital",47
"pickled",47
"sea",47
"wash",47
"221",46
"226",46
"227",46
"234",46
"association",46
"glutaraldehyde",46
"jensen",46
"neurocranium",46
"pavement",46
"rehydrated",46
"remade",46
"rt",46
"tmt",46
"xv",46
"230",45
"233",45
"242",45
"243",45
"1985",45
"anderson",45
"badly",45
"birdprep",45
"dirty",45
"echnoid",45
"fang",45
"paulay",45
"postcran",45
"quarters",45
"rodent",45
"schalk",45
"washed",45
"about",44
"aliz",44
"burrow",44
"dentral",44
"epiplastra",44
"frament",44
"gillette",44
"manubrium",44
"minuten",44
"quadratojugal",44
"ring",44
"serial",44
"slipp",44
"strobilus",44
"tha",44
"volvox",44
"215",43
"244",43
"1949",43
"1954",43
"ag",43
"axial",43
"baited",43
"cardiff",43
"cooke",43
"july",43
"kohlen",43
"paraformalin",43
"slf",43
"unfused",43
"240",42
"276",42
"enclosed",42
"kunmh",42
"opercular",42
"pm",42
"singh",42
"tørr",42
"unguals",42
"236",41
"252",41
"260",41
"265",41
"278",41
"acorn",41
"bon",41
"collected",41
"containing",41
"crete",41
"epihyal",41
"fins",41
"formlin",41
"march",41
"n1",41
"oyster",41
"rays",41
"s0",41
"sclerotic",41
"steinkerns",41
"visceral",41
"acetoned",40
"area",40
"assigned",40
"bowles",40
"just",40
"lacrimal",40
"made",40
"mastoid",40
"metatarsus",40
"put",40
"regurg",40
"skelett",40
"trapezium",40
"tusks",40
"u3",40
"weisbeck",40
"without",40
"218",39
"222",39
"247",39
"canines",39
"claystone",39
"dreft",39
"hole",39
"jan",39
"orbital",39
"precloacal",39
"pterygipohore",39
"richter",39
"size",39
"stodsol",39
"van",39
"232",38
"239",38
"251",38
"7more",38
"arches",38
"attached",38
"frontoparietal",38
"juveniles",38
"lesion",38
"piel",38
"sesamoids",38
"trebouxia",38
"224",37
"267",37
"290",37
"bell",37
"co2",37
"holes",37
"hypoplastral",37
"iintact",37
"nodule",37
"rdp4",37
"salted",37
"station",37
"terepocki",37
"248",36
"258",36
"270",36
"275",36
"07",36
"beck",36
"brachiopod",36
"champion",36
"contain",36
"d'histoire",36
"dorsolateral",36
"echinoderm",36
"ectopterygoid",36
"enamel",36
"forams",36
"france",36
"isol",36
"labial",36
"mnh",36
"much",36
"naturelle",36
"neutro",36
"orcone",36
"pox",36
"premaxillae",36
"sized",36
"this",36
"top",36
"268",35
"chip",35
"five",35
"ichnite",35
"more",35
"organ",35
"phenoxyethanol",35
"raker",35
"ri",35
"species",35
"stems",35
"xs",35
"yes",35
"235",34
"241",34
"257",34
"259",34
"279",34
"2012",34
"comp",34
"degraded",34
"deposited",34
"dmerwin",34
"epiphyseal",34
"glomera",34
"hmds",34
"infructescences",34
"kennedy",34
"new",34
"pinnules",34
"plantae",34
"raphe",34
"resin_mount",34
"scott",34
"seminal",34
"sleeved",34
"west",34
"245",33
"269",33
"288",33
"april",33
"bivalve",33
"bullock",33
"ct",33
"different",33
"larval",33
"length",33
"main",33
"major",33
"mrna",33
"neurals",33
"rdp",33
"stribling",33
"termphalanx",33
"thorp",33
"trochlea",33
"263",32
"298",32
"350",32
"06",32
"10more",32
"cheekteeth",32
"dent",32
"epiphyses",32
"fifths",32
"front",32
"iin",32
"ldp",32
"maybe",32
"menthol",32
"pellets",32
"possibly",32
"predentary",32
"rp2",32
"rudell",32
"shsk",32
"stom",32
"trizol",32
"uncottoned",32
"280",31
"antero",31
"artificial",31
"biologic",31
"colored",31
"dyiii",31
"endocranial",31
"fourth",31
"hindlimb",31
"infraorbital",31
"lobe",31
"milk",31
"pined",31
"sesmoid",31
"sol",31
"255",30
"286",30
"291",30
"332",30
"09",30
"9more",30
"absolute",30
"armor",30
"aviv",30
"birdcraft",30
"cabezas",30
"carnoy's",30
"dec",30
"fetus",30
"healey",30
"holotype",30
"hudson",30
"hyoplastral",30
"ischia",30
"israel",30
"ledger",30
"mes",30
"otic",30
"rooting",30
"seismoid",30
"sskul",30
"swim",30
"tel",30
"våtpreparat",30
"xiv",30
"253",29
"261",29
"281",29
"283",29
"308",29
"311",29
"320",29
"325",29
"340",29
"agribin",29
"archival",29
"cas",29
"crypt",29
"epiph",29
"fairfield",29
"haemal",29
"nasals",29
"oz",29
"paroccipital",29
"rectrices",29
"sandy",29
"sclerites",29
"skate",29
"toothplate",29
"waller",29
"249",28
"277",28
"321",28
"08",28
"apr",28
"branchial",28
"casiz",28
"coal",28
"coracoids",28
"digested",28
"estudio",28
"fruits",28
"gabrielson",28
"heads",28
"lm4",28
"mecn",28
"pathologic",28
"print",28
"spike",28
"together",28
"292",27
"302",27
"314",27
"317",27
"326",27
"351",27
"352",27
"362",27
"bagged",27
"calyx",27
"decker",27
"degreased",27
"endocranium",27
"fibulare",27
"forefoot",27
"fta",27
"lingual",27
"m.moon",27
"marks",27
"metamorphosed",27
"pairs",27
"place",27
"processes",27
"sex",27
"u1",27
"271",26
"272",26
"284",26
"287",26
"289",26
"301",26
"306",26
"309",26
"310",26
"312",26
"345",26
"360",26
"11more",26
"acanthocephala",26
"appendicular",26
"aspect",26
"bits",26
"cs",26
"dri",26
"epural",26
"forelimbs",26
"furculum",26
"indeterminate",26
"kansas",26
"matched",26
"mcmahon",26
"mi",26
"oogonium",26
"osteroderm",26
"prob",26
"scattered",26
"sskull",26
"tracheal",26
"273",25
"293",25
"450",25
"bryant",25
"caniniform",25
"chevrons",25
"dasycladales",25
"denatured",25
"dominican",25
"dpx",25
"dup",25
"endocast",25
"fairly",25
"fanned",25
"few",25
"fibulae",25
"impressions",25
"karyo",25
"mar",25
"mic",25
"quarter",25
"rabor",25
"sound",25
"staminate",25
"thompson",25
"ungal",25
"waris",25
"246",24
"266",24
"295",24
"318",24
"319",24
"328",24
"337",24
"354",24
"363",24
"1983",24
"2.5",24
"alk",24
"byssus",24
"cell",24
"clifford",24
"cohen",24
"en",24
"ferris",24
"fertile",24
"flowstone",24
"lens",24
"mouth",24
"mp",24
"nwhrc",24
"old",24
"palynomorphs",24
"position",24
"rinker",24
"s.g",24
"sheath",24
"supracleithrum",24
"szalontai",24
"teleost",24
"tibiale",24
"trackways",24
"tubercles",24
"zygoma",24
"296",23
"299",23
"305",23
"324",23
"330",23
"342",23
"387",23
"404",23
"600",23
"1956",23
"2000",23
"an",23
"ancillary",23
"arm",23
"articulation",23
"ascending",23
"borings",23
"brooks",23
"bryozoan",23
"carl",23
"clanton",23
"coll",23
"condyles",23
"crustacean",23
"cth",23
"diafanizaá",23
"each",23
"foramlin",23
"gutted",23
"knodel",23
"lithified",23
"loan",23
"lumbars",23
"nodules",23
"p6",23
"patellae",23
"primaries",23
"pterotic",23
"sam",23
"sandstone",23
"sponge",23
"takahashi",23
"weathered",23
"white",23
"264",22
"274",22
"282",22
"303",22
"304",22
"316",22
"329",22
"369",22
"375",22
"390",22
"c6",22
"calc",22
"compression",22
"crystals",22
"cráneo",22
"curled",22
"distorted",22
"faint",22
"fifth",22
"g.shugart",22
"gal",22
"grogan",22
"heavily",22
"kroha",22
"labedz",22
"lra",22
"lt",22
"magnesium",22
"nm",22
"rattle",22
"rows",22
"sept",22
"showing",22
"skelton",22
"thietje",22
"zealand",22
"254",21
"294",21
"307",21
"313",21
"323",21
"331",21
"335",21
"355",21
"376",21
"377",21
"386",21
"2014",21
"16more",21
"approx",21
"back",21
"branching",21
"canorus",21
"col",21
"combo",21
"crowns",21
"cuculus",21
"drill",21
"eoth",21
"euglena",21
"flipper",21
"frg",21
"least",21
"ls",21
"methanol",21
"oap",21
"pheromone",21
"quadrates",21
"refrigerated",21
"rhizome",21
"sagittal",21
"scallop",21
"sems",21
"stylohyal",21
"285",20
"327",20
"333",20
"336",20
"338",20
"341",20
"381",20
"394",20
"399",20
"423",20
"499",20
"armstrong",20
"bases",20
"braly",20
"chick",20
"chloretone",20
"deeper",20
"dendroica",20
"feb",20
"genetic",20
"girdles",20
"gular",20
"has",20
"humerue",20
"hyoids",20
"inferognathal",20
"moore",20
"mouthparts",20
"pedagogogic",20
"presacral",20
"silica",20
"slabs",20
"sleeve",20
"that",20
"tris",20
"typanic",20
"343",19
"349",19
"361",19
"366",19
"368",19
"371",19
"385",19
"559",19
"1969",19
"1986",19
"atlantal",19
"bull",19
"collector",19
"crinoid",19
"etching",19
"fasicles",19
"fauna",19
"film",19
"gizzard",19
"includes",19
"isstitute",19
"like",19
"luiz",19
"ms",19
"nitreogen",19
"norman",19
"olszewski",19
"p49",19
"peck",19
"pollex",19
"preopercular",19
"pulled",19
"ridge",19
"rocha",19
"sand",19
"secondaries",19
"seeds",19
"sodium",19
"tanked",19
"tarsometatarsal",19
"zinc",19
"346",18
"347",18
"348",18
"356",18
"358",18
"364",18
"365",18
"374",18
"378",18
"380",18
"395",18
"401",18
"403",18
"410",18
"417",18
"418",18
"448",18
"19more",18
"2x",18
"apparatus",18
"appendage",18
"baker",18
"boliviana",18
"buccal",18
"c8",18
"coleccion",18
"conjectural",18
"considerable",18
"covered",18
"dram",18
"dt",18
"exhibit",18
"fresh",18
"gockman",18
"icterus",18
"maser",18
"materials",18
"metacarpus",18
"midshaft",18
"nucule",18
"open",18
"overnight",18
"partly",18
"paz",18
"poorly",18
"postcanine",18
"pre",18
"preparietal",18
"radial",18
"rasmussen",18
"roache",18
"slightly",18
"south",18
"sphenethmoid",18
"sur",18
"tiny",18
"was",18
"wet75",18
"wide",18
"297",17
"339",17
"373",17
"398",17
"414",17
"422",17
"502",17
"12more",17
"13more",17
"17more",17
"african",17
"ball",17
"belong",17
"calcanei",17
"capetown",17
"carnoy",17
"cingulum",17
"cirri",17
"cronaflex",17
"duc",17
"ether",17
"external",17
"foetus",17
"graphite",17
"hatchling",17
"incompete",17
"lagomorph",17
"legg",17
"loph",17
"oil",17
"palmar",17
"parmelee",17
"passerina",17
"periodic",17
"photo:sc",17
"pinnae",17
"radiale",17
"rapraeger",17
"reference",17
"spade",17
"sphenoid",17
"sulphate",17
"tabular",17
"ureter",17
"which",17
"worm",17
"315",16
"353",16
"359",16
"393",16
"402",16
"411",16
"412",16
"433",16
"470",16
"474",16
"493",16
"1978",16
"1995",16
"30pm",16
"basicranial",16
"battery",16
"berlese's",16
"bourguignon",16
"cape",16
"contains",16
"cornell",16
"crania",16
"dermosphenotic",16
"detached",16
"epithysis",16
"free",16
"gary",16
"hand",16
"hypohyal",16
"injection",16
"kiser",16
"manis",16
"marrow",16
"mcdonald",16
"mclin",16
"mouthplates",16
"n8",16
"pea",16
"perfect",16
"pubes",16
"san",16
"seiurus",16
"shelf",16
"six",16
"slater",16
"sporophyte",16
"suborbital",16
"sw",16
"tibio",16
"vascular",16
"vertebrates",16
"vt",16
"322",15
"334",15
"379",15
"382",15
"396",15
"415",15
"419",15
"438",15
"455",15
"459",15
"468",15
"486",15
"513",15
"552",15
"another",15
"beth",15
"bonadore",15
"brower",15
"burrows",15
"c7",15
"carpotmetacarpus",15
"coen",15
"cusps",15
"delles",15
"display",15
"edge",15
"example",15
"face",15
"fine",15
"frag's",15
"h48",15
"histoclad",15
"hyplurals",15
"indet",15
"innominates",15
"ldp3",15
"m12",15
"metapod",15
"morlan",15
"morton",15
"mudstone",15
"murphy",15
"ncsm",15
"ny",15
"opercs",15
"osteologia",15
"p10",15
"pask",15
"petrosals",15
"photo:scope",15
"placed",15
"polyp",15
"premolariform",15
"protocone",15
"reiter",15
"represented",15
"riñon",15
"sacrals",15
"scaphotrapezium",15
"sitting",15
"spaw",15
"spore",15
"spores",15
"string",15
"table",15
"tips",15
"ulnoradius",15
"whorl",15
"wingfeathers",15
"344",14
"383",14
"389",14
"392",14
"409",14
"416",14
"428",14
"429",14
"431",14
"442",14
"447",14
"449",14
"452",14
"454",14
"457",14
"464",14
"545",14
"712",14
"800",14
"18more",14
"anaesthetized",14
"br",14
"buf",14
"calcified",14
"chromic",14
"collé",14
"di",14
"elytra",14
"extra",14
"flexible",14
"fronto",14
"hembree",14
"humerii",14
"in1962",14
"insect",14
"ithaca",14
"pcmb",14
"plantar",14
"postfrontal",14
"rotten",14
"scan",14
"sixth",14
"solidified",14
"something",14
"spizella",14
"splanchnocranium",14
"stalk",14
"supraorbital",14
"talons",14
"tibial",14
"vertabra",14
"verterba",14
"verterbra",14
"vomerine",14
"357",13
"367",13
"370",13
"405",13
"425",13
"435",13
"451",13
"463",13
"469",13
"471",13
"487",13
"495",13
"508",13
"535",13
"536",13
"540",13
"563",13
"700",13
"1950",13
"accessory",13
"acetone",13
"additional",13
"alcoholi",13
"angle",13
"angulosplenial",13
"antenna",13
"art",13
"atlantes",13
"basal",13
"bract",13
"calcareous",13
"carpus",13
"cluster",13
"coated",13
"compound",13
"cucullatus",13
"curved",13
"dlc",13
"dr",13
"fairfax",13
"fetal",13
"flippers",13
"halves",13
"hanson",13
"hindgut",13
"hook",13
"horse",13
"killpack",13
"lost",13
"microvial",13
"nice",13
"opisthotic",13
"osteoscutes",13
"preopercle",13
"pterygoids",13
"rear",13
"richardson",13
"rom",13
"second",13
"shallow",13
"skulll",13
"spinal",13
"still",13
"syoc",13
"tan",13
"teaching",13
"through",13
"tibiotarsi",13
"toes",13
"toothrow",13
"tucker",13
"unassigned",13
"uncinate",13
"unworn",13
"walters",13
"whorls",13
"zoology",13
"421",12
"424",12
"427",12
"440",12
"441",12
"443",12
"444",12
"445",12
"466",12
"482",12
"488",12
"492",12
"511",12
"515",12
"534",12
"541",12
"548",12
"1290",12
"1982",12
"appendages",12
"atlases",12
"bite",12
"bladder",12
"branched",12
"c5",12
"campbell",12
"crusher",12
"daemonelix",12
"damage",12
"days",12
"diastema",12
"dollar",12
"ethanoldry",12
"exchange",12
"exploded",12
"fargo",12
"fibular",12
"footprints",12
"froze",12
"ganoid",12
"hastings",12
"heel",12
"hooves",12
"hours",12
"institute",12
"iz",12
"john",12
"langjahr",12
"longbone",12
"lungfish",12
"malleolus",12
"malleus",12
"mcmillan",12
"mni",12
"molds",12
"n7",12
"now",12
"p3or4",12
"p4m1",12
"paleo:maxilla",12
"perching",12
"pinneddry",12
"premaxillaries",12
"puncture",12
"rectrix",12
"rm4",12
"samples",12
"scraps",12
"sets",12
"sexed",12
"shafts",12
"situ",12
"sportegn",12
"sulcus",12
"symphyseal",12
"t3",12
"thoraic",12
"trays",12
"ulnare",12
"vomers",12
"wong",12
"zoea",12
"372",11
"384",11
"391",11
"397",11
"406",11
"407",11
"408",11
"432",11
"434",11
"436",11
"437",11
"446",11
"460",11
"467",11
"475",11
"477",11
"484",11
"489",11
"491",11
"501",11
"505",11
"514",11
"519",11
"522",11
"526",11
"537",11
"562",11
"566",11
"580",11
"581",11
"594",11
"673",11
"702",11
"750",11
"761",11
"975",11
"1325",11
"1500",11
"4496",11
"4585",11
"20more",11
"21more",11
"3d",11
"5th",11
"a2",11
"abnormal",11
"amnh",11
"approximately",11
"bad",11
"benson",11
"black",11
"bodley",11
"branches",11
"brennan",11
"canada",11
"ceratohyals",11
"champine",11
"compressed",11
"corner",11
"cusp",11
"development",11
"di1",11
"diatomite",11
"dimensional",11
"dingle",11
"dm",11
"esqueleto",11
"exposed",11
"fontella",11
"foramen",11
"formulin",11
"fossa",11
"frill",11
"gastropod",11
"gluteraldehyde",11
"gonzalocalado",11
"graph",11
"have",11
"hoffman",11
"inferior",11
"interparietal",11
"into",11
"j.p",11
"klh",11
"lachrymal",11
"late",11
"line",11
"lmi",11
"ln2",11
"low",11
"lunula",11
"m5",11
"melospiza",11
"miller",11
"mollusc",11
"moulage",11
"murray",11
"naviculars",11
"needs",11
"node",11
"pedagogic",11
"phragmocone",11
"pistillate",11
"pittsburgh",11
"pleurodont",11
"plumage",11
"poss",11
"prof",11
"putte",11
"pygidium",11
"pygostyle",11
"radioulnar",11
"resin",11
"sesemoid",11
"slight",11
"smashed",11
"sockets",11
"sporophytes",11
"tibiafibula",11
"total",11
"tray",11
"uncertain",11
"undet",11
"unid",11
"unk",11
"used",11
"video",11
"visible",11
"weir",11
"were",11
"388",10
"413",10
"420",10
"426",10
"430",10
"461",10
"462",10
"465",10
"472",10
"473",10
"476",10
"483",10
"485",10
"498",10
"503",10
"509",10
"516",10
"525",10
"532",10
"543",10
"551",10
"553",10
"556",10
"567",10
"577",10
"584",10
"592",10
"596",10
"597",10
"598",10
"603",10
"605",10
"667",10
"687",10
"692",10
"766",10
"900",10
"1945",10
"2010",10
"4574",10
"011",10
"016",10
"018",10
"032",10
"14more",10
"27more",10
"3,4",10
"acc",10
"after",10
"alvord",10
"anterolateral",10
"astagalus",10
"au",10
"august",10
"aurocapilla",10
"bleakney",10
"branchlet",10
"cannonbone",10
"cephalon",10
"charlotte",10
"chondrocranium",10
"clavicles",10
"cocytinus",10
"coprilite",10
"cup",10
"date",10
"dermopalatine",10
"diehl",10
"doto",10
"down",10
"empty",10
"eric",10
"extrascapular",10
"foliage",10
"fructification",10
"gray",10
"hanging",10
"horner",10
"ht",10
"kimball",10
"larger",10
"lc1",10
"likely",10
"lizard",10
"melodia",10
"midsection",10
"nef",10
"odontoid",10
"pa",10
"patricia",10
"pelves",10
"perala",10
"perhaps",10
"pollenberg",10
"pq",10
"precoracoid",10
"preopercula",10
"psotcleithrum",10
"rachis",10
"radford",10
"rather",10
"rc",10
"runt",10
"says",10
"seedlings",10
"short",10
"slid",10
"smaller",10
"squashed",10
"sskut",10
"stream",10
"synthetodus",10
"tads",10
"tarsometatarsi",10
"trainito",10
"tubercle",10
"tun",10
"udp4",10
"unmarked",10
"urinary",10
"uw",10
"ver",10
"verebra",10
"vermivora",10
"volar",10
"zenker's",10
"439",9
"456",9
"458",9
"478",9
"481",9
"496",9
"504",9
"507",9
"512",9
"517",9
"523",9
"547",9
"557",9
"558",9
"560",9
"582",9
"601",9
"606",9
"619",9
"620",9
"647",9
"653",9
"675",9
"748",9
"808",9
"859",9
"1957",9
"1974",9
"1981",9
"2016",9
"4617",9
"014",9
"015",9
"017",9
"022",9
"026",9
"045",9
"15more",9
"1nv:erdshreiber",9
"23more",9
"26more",9
"2f",9
"4orm",9
"adults",9
"agri",9
"allen",9
"angulars",9
"basihyal",9
"batterson",9
"been",9
"bengal",9
"bound",9
"brandt",9
"california",9
"carapaces",9
"cards",9
"carina",9
"carpometacarpal",9
"cass",9
"chilled",9
"cloacal",9
"compressions",9
"cones",9
"cork",9
"corrosive",9
"crayon",9
"cyanea",9
"dentar",9
"dermethmoid",9
"dermopterotic",9
"desmid",9
"dextrose",9
"disrupted",9
"dorso",9
"drawers",9
"drawing",9
"ephiphysis",9
"esc",9
"fagg",9
"filename",9
"flying",9
"forearms",9
"given",9
"guanidinium",9
"harthill",9
"hayashi",9
"incompletel",9
"incus",9
"innominata",9
"irregular",9
"ishium",9
"it",9
"laterosphenoid",9
"lee",9
"lien",9
"life",9
"litho",9
"m.a.malaquias",9
"milberger",9
"murphey",9
"nuchals",9
"p.w",9
"pearls",9
"peet",9
"pensylvanica",9
"perch",9
"petechia",9
"phalanyx",9
"phyllodont",9
"pinnedbn",9
"product",9
"quite",9
"rad",9
"restored",9
"reversed",9
"rose",9
"rostra",9
"rp1",9
"sac",9
"serrations",9
"shaped",9
"sheaths",9
"shipment",9
"silicone",9
"skins",9
"skleleton",9
"sph",9
"spicules",9
"strong",9
"sublimate",9
"talus",9
"taylor",9
"tem",9
"tests",9
"thiocyanate",9
"under",9
"vertebrate",9
"veryebrae",9
"vidales",9
"vk",9
"wa",9
"weasel",9
"yakima",9
"479",8
"480",8
"497",8
"510",8
"518",8
"520",8
"521",8
"527",8
"530",8
"531",8
"533",8
"544",8
"550",8
"554",8
"561",8
"568",8
"569",8
"570",8
"575",8
"579",8
"583",8
"602",8
"625",8
"630",8
"632",8
"644",8
"645",8
"650",8
"660",8
"676",8
"680",8
"685",8
"694",8
"701",8
"708",8
"711",8
"723",8
"777",8
"779",8
"811",8
"812",8
"874",8
"1200",8
"1948",8
"1988",8
"1990",8
"2002",8
"004",8
"005",8
"010",8
"020",8
"021",8
"033",8
"053",8
"062",8
"093",8
"095",8
"1,2",8
"24more",8
"3.5",8
"4,5",8
"6.7",8
"9pm",8
"aeneus",8
"aires",8
"ajf",8
"albino",8
"aliquot",8
"amadon",8
"argentina",8
"arizona",8
"armature",8
"astragalar",8
"band",8
"bar",8
"barax",8
"basiocciptial",8
"beach",8
"big",8
"bolus",8
"border",8
"buenos",8
"c3",8
"calcaneae",8
"cat",8
"centrae",8
"ciencias",8
"circumorbital",8
"cited",8
"compete",8
"dead",8
"deformed",8
"dm3",8
"dowell",8
"drymount",8
"during",8
"epi",8
"erdschreiber",8
"eroded",8
"erupted",8
"felice",8
"foreleg",8
"formailin",8
"fossils",8
"gnawed",8
"gold",8
"green",8
"gulars",8
"incomp",8
"inking",8
"inner",8
"inst",8
"johns",8
"larson",8
"larynx",8
"las",8
"litter",8
"longitudinal",8
"lort",8
"lowery",8
"lymph",8
"malt",8
"mathews",8
"maui",8
"measured",8
"minor",8
"molt",8
"munz",8
"nac",8
"naturales",8
"nine",8
"occlusion",8
"olecranon",8
"owl",8
"paranuchal",8
"pc",8
"pec",8
"phalynx",8
"pharygeal",8
"pin_genitalia_vial",8
"placenta",8
"postero",8
"preparatory",8
"purposes",8
"pusilla",8
"q",8
"range",8
"rest",8
"returned",8
"riñón",8
"rocks",8
"rws",8
"salt",8
"sargis",8
"sawn",8
"scapulo",8
"semilunar",8
"silicified",8
"skullt",8
"snail",8
"snake",8
"soaked",8
"somewhat",8
"squat",8
"staff",8
"stainless",8
"steel",8
"stenebra",8
"sternebrae",8
"sticky",8
"sugar",8
"sugarbait",8
"terrier",8
"thalli",8
"thrombolite",8
"trade",8
"triangle",8
"tricuspate",8
"trochanter",8
"twisted",8
"usnmfs",8
"verts",8
"volvocacean",8
"von",8
"voucherat",8
"vp",8
"ward",8
"wear",8
"williams",8
"494",7
"506",7
"524",7
"529",7
"538",7
"574",7
"576",7
"585",7
"589",7
"609",7
"610",7
"611",7
"612",7
"613",7
"616",7
"622",7
"635",7
"641",7
"646",7
"648",7
"649",7
"651",7
"655",7
"662",7
"665",7
"670",7
"678",7
"693",7
"699",7
"716",7
"719",7
"721",7
"730",7
"736",7
"755",7
"759",7
"765",7
"768",7
"770",7
"775",7
"781",7
"795",7
"806",7
"809",7
"813",7
"818",7
"824",7
"827",7
"832",7
"834",7
"836",7
"885",7
"888",7
"903",7
"1943",7
"1961",7
"1975",7
"2001",7
"2013",7
"4546",7
"002",7
"003",7
"007",7
"008",7
"012",7
"013",7
"019",7
"023",7
"025",7
"031",7
"034",7
"048",7
"061",7
"063",7
"069",7
"087",7
"088",7
"089",7
"098",7
"12am",7
"2,4",7
"2,5",7
"25more",7
"28more",7
"afsc",7
"angeles",7
"ankle",7
"anteriormost",7
"astragular",7
"b1",7
"bale",7
"beautifully",7
"berlese",7
"bk",7
"bowman",7
"brood",7
"calaneum",7
"calcanium",7
"carpel",7
"catkin",7
"cavity",7
"celluloid",7
"cestodes",7
"coalified",7
"computer",7
"cont",7
"critical",7
"cuboids",7
"cupule",7
"cyanoptera",7
"daly",7
"delacour",7
"dentalosplenials",7
"dentosplenial",7
"desiccated",7
"diagnostic",7
"disassociated",7
"drowned",7
"edwards",7
"eight",7
"encased",7
"enlarged",7
"eto",7
"explanation",7
"fangs",7
"females",7
"fitzner",7
"fluorine",7
"frog",7
"frogs",7
"frosset",7
"future",7
"g.d.alcorn",7
"gastrolith",7
"gnawing",7
"goellner",7
"gone",7
"gustav",7
"gws",7
"hall",7
"hammond",7
"harrison",7
"hilton",7
"hinge",7
"historia",7
"hypertosed",7
"hypo",7
"id",7
"inches",7
"incl",7
"injected",7
"innominat",7
"interolateral",7
"invertebrates",7
"irish",7
"ivory",7
"jacot",7
"jg",7
"johnston",7
"karyotyped",7
"kirn",7
"l2",7
"lignite",7
"loop",7
"los",7
"lpx",7
"malar",7
"mammals",7
"marginals",7
"mark",7
"mask",7
"mills",7
"murie",7
"museo",7
"nestling",7
"network",7
"observer",7
"opercle",7
"others",7
"outer",7
"pal",7
"palmer",7
"parasymphysial",7
"pathology",7
"peat",7
"perry",7
"petal",7
"phalangeal",7
"picric",7
"pii",7
"pith",7
"porphyridium",7
"preserving",7
"provide",7
"r.droker",7
"rakers",7
"rand",7
"ritchie",7
"roll",7
"seg",7
"shattered",7
"skint",7
"sterna",7
"strobilis",7
"surfaces",7
"tag",7
"tbt",7
"testdry",7
"tis",7
"too",7
"tracing",7
"ts",7
"tuber",7
"unerrupted",7
"uwbm",7
"vertabrae",7
"vertbra",7
"virens",7
"weberian",7
"wilson",7
"winter",7
"xiphoid",7
"xvii",7
"453",6
"490",6
"528",6
"539",6
"549",6
"555",6
"565",6
"571",6
"572",6
"588",6
"590",6
"591",6
"595",6
"599",6
"604",6
"608",6
"614",6
"617",6
"618",6
"624",6
"626",6
"627",6
"636",6
"638",6
"639",6
"640",6
"643",6
"661",6
"663",6
"669",6
"674",6
"679",6
"681",6
"684",6
"704",6
"709",6
"713",6
"737",6
"740",6
"743",6
"745",6
"749",6
"751",6
"752",6
"756",6
"772",6
"773",6
"790",6
"792",6
"803",6
"807",6
"814",6
"815",6
"820",6
"822",6
"823",6
"826",6
"837",6
"843",6
"851",6
"852",6
"856",6
"861",6
"862",6
"863",6
"865",6
"867",6
"882",6
"883",6
"927",6
"973",6
"1007",6
"1032",6
"1134",6
"1135",6
"1149",6
"1897",6
"1913",6
"1959",6
"1966",6
"1973",6
"1996",6
"2006",6
"2009",6
"2211",6
"2212",6
"2213",6
"2215",6
"3000",6
"4547",6
"4656",6
"23661",6
"23666",6
"024",6
"027",6
"029",6
"035",6
"036",6
"038",6
"039",6
"049",6
"051",6
"054",6
"055",6
"056",6
"059",6
"060",6
"065",6
"066",6
"072",6
"075",6
"081",6
"083",6
"084",6
"086",6
"090",6
"091",6
"094",6
"096",6
"097",6
"099",6
"2,3",6
"2m",6
"35mm",6
"80c",6
"acrodont",6
"adobe",6
"aestivation",6
"alcholic",6
"alveolar",6
"anaesthetic",6
"animals",6
"anther",6
"apex",6
"apparently",6
"archbold",6
"astralagus",6
"astro",6
"basioccipitals",6
"between",6
"bin",6
"bladed",6
"bonariensis",6
"bracts",6
"branchiostegal",6
"breast",6
"broughton",6
"calcaenum",6
"carlos",6
"carpo",6
"catalog",6
"caudate",6
"cdrom",6
"chiapas",6
"chu's",6
"city",6
"clasper",6
"coastal",6
"coccyzus",6
"colln",6
"compl",6
"completel",6
"conjoined",6
"counter",6
"counterparts",6
"cubo",6
"cyamella",6
"deep",6
"deltoid",6
"dendary",6
"died",6
"digial",6
"disart",6
"dli3",6
"dlp",6
"dm4",6
"eden",6
"eexchanged",6
"emerson",6
"english",6
"etanol",6
"f.s.l",6
"facial",6
"facing",6
"faded",6
"fd",6
"fetuses",6
"flank",6
"float",6
"fmnh",6
"fn",6
"footbones",6
"ford",6
"forming",6
"frame",6
"froz",6
"ftr",6
"gallery",6
"garoupa",6
"gastroliths",6
"guatemala",6
"gutierrez",6
"hard",6
"headshield",6
"henderson",6
"hermit",6
"high",6
"huge",6
"hypoplastra",6
"identifiable",6
"imcompl",6
"indistinct",6
"inglin",6
"innom",6
"intercentra",6
"jabouille",6
"jones",6
"jt",6
"jugals",6
"keller",6
"kompanje",6
"kritzman",6
"l1",6
"lacrymal",6
"laterally",6
"lawlor",6
"layer",6
"lining",6
"listed",6
"little",6
"loc",6
"m123",6
"males",6
"manidble",6
"mbari",6
"mcfeely",6
"megasporophyll",6
"melbourne",6
"modularis",6
"mutilated",6
"mv",6
"n:izg",6
"negative",6
"nh4",6
"oc",6
"occipitals",6
"osmium",6
"oversize",6
"ovuliferous",6
"p9",6
"painted",6
"parallel",6
"paratype",6
"park",6
"paws",6
"perkins",6
"petrified",6
"pharyngeals",6
"polissage",6
"prefrontalia",6
"premaxilary",6
"presphenoid",6
"prunella",6
"pteriotic",6
"pure",6
"rare",6
"rattles",6
"rc1",6
"reconstructed",6
"reconstruction",6
"reis",6
"scapular",6
"sep",6
"setophaga",6
"setter",6
"sheffield",6
"sides",6
"skels",6
"sm",6
"smooth",6
"spermatophores",6
"spiral",6
"sporangium",6
"spritbehandlad",6
"squamation",6
"squamosals",6
"st",6
"stage",6
"stagner",6
"stinger",6
"subadult",6
"superpygal",6
"symphysial",6
"synsacral",6
"syst",6
"tails",6
"talonids",6
"tapir",6
"tbe",6
"tibiatarsus",6
"tipless",6
"tomuseum",6
"toorh",6
"triple",6
"ummz",6
"un",6
"underwater",6
"universidad",6
"urblåst",6
"urohyal",6
"usnmfn",6
"vent",6
"victoria",6
"vireo",6
"walking",6
"wax",6
"wayne",6
"weber",6
"wfvz",6
"williamson",6
"542",5
"546",5
"573",5
"578",5
"586",5
"593",5
"621",5
"628",5
"629",5
"631",5
"634",5
"642",5
"652",5
"656",5
"657",5
"658",5
"664",5
"666",5
"672",5
"677",5
"683",5
"686",5
"691",5
"695",5
"696",5
"698",5
"703",5
"705",5
"715",5
"717",5
"718",5
"722",5
"724",5
"731",5
"734",5
"735",5
"741",5
"744",5
"746",5
"753",5
"757",5
"758",5
"760",5
"763",5
"764",5
"767",5
"771",5
"774",5
"776",5
"780",5
"782",5
"783",5
"785",5
"789",5
"791",5
"793",5
"796",5
"797",5
"799",5
"801",5
"802",5
"810",5
"816",5
"817",5
"819",5
"821",5
"830",5
"833",5
"845",5
"848",5
"860",5
"864",5
"866",5
"868",5
"870",5
"875",5
"878",5
"879",5
"880",5
"893",5
"904",5
"918",5
"923",5
"939",5
"940",5
"941",5
"945",5
"947",5
"963",5
"982",5
"995",5
"1006",5
"1012",5
"1014",5
"1016",5
"1017",5
"1028",5
"1031",5
"1042",5
"1055",5
"1065",5
"1066",5
"1067",5
"1092",5
"1093",5
"1106",5
"1108",5
"1113",5
"1114",5
"1116",5
"1121",5
"1127",5
"1128",5
"1129",5
"1130",5
"1136",5
"1144",5
"1145",5
"1151",5
"1154",5
"1156",5
"1159",5
"1165",5
"1181",5
"1184",5
"1231",5
"1300",5
"1340",5
"1381",5
"1400",5
"1906",5
"1912",5
"1916",5
"1922",5
"1939",5
"1967",5
"1968",5
"1979",5
"1994",5
"2008",5
"2076",5
"2178",5
"2225",5
"2245",5
"2246",5
"2247",5
"2258",5
"3039",5
"3069",5
"3074",5
"3096",5
"4621",5
"5114",5
"5413",5
"5537",5
"24491",5
"0011",5
"0016",5
"009",5
"028",5
"030",5
"040",5
"041",5
"042",5
"043",5
"044",5
"046",5
"047",5
"050",5
"052",5
"057",5
"058",5
"064",5
"068",5
"071",5
"076",5
"080",5
"085",5
"092",5
"11pm",5
"22more",5
"31more",5
"37more",5
"a3",5
"absent",5
"adjacent",5
"ala",5
"algal",5
"alular",5
"amsterdam",5
"asc",5
"astraguli",5
"asymmetrical",5
"away",5
"b2",5
"beakless",5
"bldg",5
"bloodhound",5
"bolland",5
"bonefragment",5
"book",5
"boss",5
"bp",5
"brine",5
"bunodont",5
"c4",5
"calado",5
"calcarius",5
"canal",5
"cantrell",5
"capsules",5
"carpometacarpi",5
"catharus",5
"cervial",5
"charcoal",5
"chert",5
"chloride",5
"clump",5
"clumped",5
"composed",5
"condyloid",5
"conicera",5
"contained",5
"contorted",5
"copal",5
"coracocleithrum",5
"corocoid",5
"cottoned",5
"cumming",5
"cunieform",5
"cuticle",5
"daniels",5
"dark",5
"davis",5
"daz",5
"debris",5
"di3",5
"diphalanx",5
"disc",5
"disney",5
"dome",5
"downy",5
"ectomesocuneiform",5
"either",5
"emmons",5
"empeso",5
"enhancements",5
"entoplastra",5
"epoccipital",5
"epon",5
"examined",5
"extralateral",5
"farcicle",5
"fast",5
"femurs",5
"fern",5
"fishes",5
"flattened",5
"fleming",5
"formaline",5
"fossette",5
"fracción",5
"fragile",5
"froglets",5
"fully",5
"gcw",5
"geothlypis",5
"german",5
"gnaw",5
"gonzalo",5
"greenway",5
"guyer",5
"h49",5
"hatchlings",5
"heavy",5
"hgcl",5
"histoslides",5
"hybrid",5
"if",5
"in1968",5
"indentation",5
"isopropal",5
"jlm",5
"jumbled",5
"jun",5
"keel",5
"kept",5
"kill",5
"krauszer",5
"l7",5
"labeled",5
"lacrimals",5
"lactophenol",5
"laing",5
"lake",5
"land",5
"launiupoko",5
"lawrence",5
"leading",5
"leucistic",5
"linguad",5
"locality",5
"lr",5
"lunate",5
"lâmina",5
"marco",5
"marked",5
"maxillaries",5
"member",5
"metamorphic",5
"methyl",5
"mh",5
"microtus",5
"mixilateral",5
"ml",5
"mlj",5
"motacilla",5
"mysteries",5
"necropsy",5
"netherlands",5
"nikiforov",5
"obscured",5
"oliverio",5
"olson",5
"orbit",5
"ornatus",5
"osterderms",5
"ovule",5
"palatines",5
"pastron",5
"paw",5
"pedial",5
"pennsylvanicus",5
"permanente",5
"pl",5
"plevis",5
"postcoracoid",5
"postmedian",5
"postparietal",5
"posttemporal",5
"prevomer",5
"prismacolor",5
"probable",5
"prélèvement",5
"pu",5
"puyana",5
"quandt",5
"r.f",5
"regurgitated",5
"retained",5
"ruiz",5
"rump",5
"rv",5
"s.c",5
"sacra",5
"sangre",5
"sarah",5
"sbh",5
"scaphoids",5
"scat",5
"sent",5
"sepal",5
"separately",5
"sesmoids",5
"seven",5
"shot",5
"slender",5
"spaniel",5
"split",5
"spurius",5
"stamen",5
"strobila",5
"submandibular",5
"subopercular",5
"suprascapular",5
"supratemporal",5
"swimming",5
"tarsometatarus",5
"there",5
"thru",5
"tibiafibulae",5
"tibias",5
"tmg",5
"tobacco",5
"todd",5
"trachael",5
"transferred",5
"trichas",5
"trilobite",5
"tritoral",5
"tubercular",5
"udp3",5
"unusually",5
"up5",5
"upright",5
"usnh",5
"utah",5
"velzen",5
"vicinity",5
"vodka",5
"vouchered",5
"warner",5
"wired",5
"xiphiplastra",5
"zoologisch",5
"564",4
"587",4
"607",4
"615",4
"654",4
"668",4
"671",4
"688",4
"690",4
"697",4
"707",4
"710",4
"714",4
"720",4
"725",4
"727",4
"728",4
"732",4
"738",4
"754",4
"762",4
"769",4
"778",4
"784",4
"786",4
"788",4
"794",4
"798",4
"805",4
"825",4
"828",4
"829",4
"831",4
"835",4
"839",4
"842",4
"844",4
"846",4
"853",4
"854",4
"855",4
"869",4
"872",4
"873",4
"876",4
"877",4
"881",4
"884",4
"886",4
"887",4
"890",4
"895",4
"896",4
"897",4
"898",4
"899",4
"901",4
"902",4
"906",4
"910",4
"911",4
"914",4
"924",4
"925",4
"929",4
"942",4
"943",4
"946",4
"956",4
"958",4
"960",4
"962",4
"964",4
"966",4
"967",4
"974",4
"976",4
"978",4
"980",4
"991",4
"993",4
"996",4
"998",4
"1003",4
"1005",4
"1008",4
"1010",4
"1025",4
"1026",4
"1033",4
"1044",4
"1053",4
"1054",4
"1063",4
"1064",4
"1069",4
"1076",4
"1077",4
"1082",4
"1084",4
"1089",4
"1095",4
"1096",4
"1103",4
"1107",4
"1110",4
"1122",4
"1124",4
"1132",4
"1139",4
"1141",4
"1148",4
"1152",4
"1153",4
"1155",4
"1158",4
"1160",4
"1161",4
"1162",4
"1164",4
"1168",4
"1170",4
"1172",4
"1178",4
"1192",4
"1212",4
"1228",4
"1230",4
"1232",4
"1236",4
"1249",4
"1256",4
"1260",4
"1269",4
"1277",4
"1280",4
"1281",4
"1304",4
"1310",4
"1319",4
"1355",4
"1387",4
"1507",4
"1524",4
"1525",4
"1548",4
"1567",4
"1572",4
"1586",4
"1653",4
"1668",4
"1673",4
"1700",4
"1702",4
"1730",4
"1775",4
"1778",4
"1779",4
"1783",4
"1787",4
"1800",4
"1822",4
"1829",4
"1830",4
"1890",4
"1894",4
"1900",4
"1901",4
"1914",4
"1944",4
"1971",4
"1977",4
"1980",4
"1984",4
"1991",4
"1999",4
"2018",4
"2024",4
"2031",4
"2034",4
"2035",4
"2036",4
"2100",4
"2102",4
"2117",4
"2138",4
"2177",4
"2182",4
"2203",4
"2205",4
"2210",4
"2214",4
"2216",4
"2217",4
"2220",4
"2222",4
"2224",4
"2234",4
"2242",4
"2244",4
"2249",4
"2259",4
"2261",4
"2263",4
"2264",4
"2549",4
"2552",4
"2568",4
"2581",4
"2582",4
"2589",4
"2593",4
"2595",4
"2687",4
"2800",4
"2846",4
"2880",4
"3038",4
"3041",4
"3044",4
"3073",4
"3100",4
"3211",4
"4000",4
"4169",4
"4271",4
"4273",4
"4561",4
"4620",4
"5000",4
"5536",4
"5635",4
"16961",4
"21137",4
"0001",4
"0002",4
"001",4
"0019",4
"0021",4
"0022",4
"006",4
"037",4
"067",4
"070",4
"073",4
"074",4
"077",4
"078",4
"079",4
"082",4
"1,3",4
"12pm",4
"2,3,4",4
"2pm",4
"3,5",4
"30am",4
"33more",4
"5pm",4
"6th",4
"7.5",4
"7th",4
"8pm",4
"8th",4
"99.5",4
"a1",4
"ach",4
"alcohoilc",4
"am",4
"amaral",4
"antemolar",4
"anteroposterior",4
"antorbital",4
"apically",4
"armour",4
"bancroft",4
"basi",4
"basin",4
"basis",4
"before",4
"below",4
"bernhard",4
"berycoid",4
"boner",4
"bored",4
"braincast",4
"bursa",4
"butler",4
"c.johnson",4
"camel",4
"camera",4
"campus",4
"captive",4
"carpmetacarpus",4
"carpometatarsus",4
"carrion",4
"cartilages",4
"cases",4
"casing",4
"center",4
"ch2o",4
"cheeks",4
"chemically",4
"chrom",4
"chunks",4
"clark",4
"cleckley",4
"club",4
"coiled",4
"columns",4
"comments",4
"concretions",4
"consisting",4
"cooked",4
"copula",4
"cosaro",4
"cr",4
"crests",4
"crushing",4
"cutting",4
"dc1",4
"decayed",4
"denatry",4
"denril",4
"dentray",4
"descript",4
"description",4
"desmidiacean",4
"developed",4
"disk",4
"domestic",4
"dp5",4
"drovetskiy",4
"e.a",4
"earbones",4
"ectoloph",4
"ectopterygoids",4
"editing",4
"edland",4
"eleven",4
"elmts",4
"embed",4
"encrusted",4
"entopterygoid",4
"eosin",4
"ethnoid",4
"ev",4
"evidently",4
"eviscerated",4
"ex",4
"extended",4
"falciform",4
"fancy",4
"fascicles",4
"fecal",4
"feeding",4
"felton",4
"femuf",4
"figured",4
"fixative",4
"flesh",4
"flowers",4
"former",4
"fracture",4
"frgs",4
"fuscescens",4
"gall",4
"galtonia",4
"garlett",4
"genus",4
"giant",4
"gizz",4
"griebeler",4
"grown",4
"had",4
"hematoxylin",4
"hill",4
"hindfoot",4
"hindlimbs",4
"horncores",4
"hoy",4
"hubbs",4
"humrus",4
"husky",4
"ichnofossil",4
"icteria",4
"identification",4
"imbedded",4
"img",4
"imprint",4
"inch",4
"incom",4
"indiv",4
"inguinal",4
"inject",4
"interclavical",4
"interior",4
"international",4
"invasive",4
"items",4
"known",4
"koh",4
"labelled",4
"lacks",4
"laft",4
"lamelle",4
"ldi1",4
"ldm",4
"limpet",4
"lindt",4
"lizards",4
"lm12",4
"lm5",4
"locked",4
"lunars",4
"lund",4
"lv",4
"m's",4
"m23",4
"mainly",4
"malaquias",4
"mammary",4
"mantle",4
"marinkelle",4
"may08",4
"mesoplastron",4
"metamorph",4
"middleton",4
"minute",4
"mtd",4
"multicusp",4
"mumie",4
"mvc",4
"myrtle",4
"narrow",4
"nelson",4
"neutral",4
"next",4
"niese",4
"october",4
"oklahoma",4
"osteiderm",4
"oysters",4
"pallida",4
"paraoccipital",4
"parasphenoids",4
"parisphenoid",4
"partal",4
"pas",4
"paul",4
"pearl",4
"peduncle",4
"pentacrinoids",4
"phananx",4
"pheucticus",4
"photo:gp",4
"photoshop",4
"pill",4
"pisiforms",4
"placoid",4
"plants",4
"plaque",4
"plug",4
"pm4",4
"pod",4
"posed",4
"positive",4
"posterolateral",4
"postrostral",4
"preneural",4
"press",4
"presumably",4
"prior",4
"pterotics",4
"pubic",4
"puparium",4
"pupation",4
"pygydium",4
"racey",4
"radiounla",4
"rdp3",4
"received",4
"refers",4
"rem",4
"representing",4
"ri3",4
"rogers",4
"rootlets",4
"rossem",4
"rpox",4
"rpx",4
"rug",4
"ruticilla",4
"sacro",4
"scap",4
"scapho",4
"schiff",4
"sectorial",4
"seen",4
"semi",4
"setae",4
"shear",4
"shepherd",4
"sherry",4
"shoot",4
"sibley",4
"since",4
"skeketon",4
"sleleton",4
"slit",4
"spirulina",4
"splenodentary",4
"ssm",4
"stanford",4
"steeled",4
"sternals",4
"stjärt",4
"stolz",4
"storage",4
"stripped",4
"stromatolite",4
"stylohyoid",4
"subad",4
"subangular",4
"substrate",4
"sundstrom",4
"supracleithra",4
"sylvia",4
"sym",4
"symmetrical",4
"systematic",4
"t4",4
"tab",4
"tarsi",4
"tenner",4
"tenths",4
"tetracuspate",4
"theodore",4
"thorn",4
"timea",4
"title",4
"tousnm",4
"trail",4
"transit",4
"transmission",4
"trapezius",4
"tritubercular",4
"tuberculated",4
"ulnar",4
"umi",4
"unfixed",4
"unidentied",4
