basisOfRecord	reps
\N	29259650
56 specimens	3
Acalymma amazona	12
Bertrana striolata	1
Brachypnoea paraensis	2
Breda	8
Conotrachelus cristatus	1
Hypognatha cryptocephala	1
Listroptera collaris	27
Nhandu chromatus	1
Oncideres apicalis	1
Parachemmis	6
Pelidnota pallidipennis	25
Preserved Specimen	1171607
RBCM	189
Sargassum vulgare	4
aff. Titidius	13
40 specimens	13
8 specimens	139
Acanthoscurria	226
Adult, papered	230
Bolostromus	48
Cacupira tucurui	1
Chalcoplacis clermonti	1
Cryptocellus simonis	38
Dictyurus purpurascens	2
Dipoena esra	20
Humanobservation	52635
JBS Stonefly Collection	8
Ladustes speciosus	20
Leucauge	164
Metagonia globulosa	1
Metazygia ducke	1
Micrathena fissispina	1
PS	18330
Phespia cerceriana	1
Titidius	1
Toxorhinus banonii	1
Trechalea	28
Vitalius	1
cf. Nerudia	10
herbarium specimen	141170
materialSample	3308
54 specimens	6
Accession	976457
Anelytropleurica anthicina	1
Bothynus quadridens	3
CUP	176
Capraitre syncratica	1
Cerocida	1
Chrysometa petrasierwaldae	8
Euryopis	1
Field survey	2255
FossilSpecimen	4508075
Iphiclus sedecimmaculatus	1
Mangora alinahui	1
Oncosclera spinifera	2
Personal Communication	62795
Reticulatus?	4
Saw 1 female	1
Scytodes lineatipes	21
Tapeina erectifrons	4
Thymoites elongatus	1
fossilspecimen	90891
Alagoasa coccinelloides	1
Antitypona dorsata	8
Cactophagus strigosus	1
Capraita egleri	2
Chira	9
Compsibidion maronicum	5
Cratossomus vaginalis	1
Deliphastus davisoni	2
Epitrix carecuruensis	1
Ernodesmis	1
Helimeda gracilis	2
Jalyssus tuberculatus	2
Mesabolivar aurantiacus	104
Sicoderus petilus	1
Strategus surinamensis	2
Strophius nigricans	1
Tetragnatha	31
Wulfilopsis	1
Acacesia benigna	20
Achaearanea	17
Alpaida	169
Corinna eresiformes	2
Corinna natalis	1
Cystophora	1
Dinaltica valigena	1
Fufius albovittatus	5
Heikertingerella tenuicornis	1
Heilus sp1	10
Kambiwa neotropica	3
Oxyopes argyrotrichius	4
Pachomius  dybowskii	1
Pseudobeta ferruginea	1
Ulva fasciata	66
http://globec.whoi.edu/jg/dir/globec/soglobec/	11906
pinned specimen, stainless steel dorsally throught thorax.	1
141 specimens	1
6 specimens	210
68 specimens	2
Anyphaenidae	107
Calligrapha polyspila	8
Capraita stichocephala	1
Chlorota terminata	10
Chnoospora implex	3
Coelomera ruficornis	3
Cosmisoma amiralis	1
Diomus achileus	1
Diploschema mandibulari	2
Dipoena donaldi	4
Heilus sp2	4
Kalcerrytus merretti	3
Literaturauswertung	17
Nephaspis centaurus	7
No Specimen	281
Photographed	3
SUHC	1282
Scytodes mapinguari	4
Stereobaris consesssor	3
Stygnus kuryi	2
To Be Vouchered:Holdup/Private	511
Trichophorus electus	1
Uloborus filidentatus	1
ZMB	27
Zimiris doriai	4
52 specimens	5
Acanthoscurria ferina	8
Colobothea hirtipes	3
Denmark	230
Drulia cristata	2
Dubiaranea	3
Heilus sp3	1
Mago acutidens	22
Mesocordylus apiciclava	1
MultimediaObject	8039
Orthognathus lividus	8
Oxyopes incertus	36
Oxysternon inacleayi	5
Rubrepeira  rubonigra	1
Sicoderus inermis	1
Tonesia robustula	5
Xeropigo cotijuba	3
4 specimens	368
Acanthonycha ochracea	2
Camarotus	1
Ceragenia spinipennis	1
Cerotoma arcuata	5
Curculionidae	445
Eucoleomerus nigricauda	1
Found 1 larva, 2 pupae on A.incarnata	1
Heilus sp4	1
Laurencia padicularioiodes	1
Pandrosus phthisicus	1
Scytodes iara	6
Adult, mounted	166
Aphantochilus taurifrons	9
BC ZSM HYM 09501	1
Coleomerus sp1	1
Epicadus	22
Gen. n. 2	138
Genaphthona delicia	2
Halimeda incrassata	1
Heilus sp5	2
Ibotyporanga  naideae	8
Leprolochus	20
Leptopholcus	3
Loxosceles amazonica	48
Macromerus insignis	14
Published Report, Specimen	5115
Sicoderus matuete	1
Udotea indica	5
Zosis peruana	1
66 specimens	2
Achaearanea migrans	3
Amphiroa	4
Avicularia	35
Chalcoplacis odontorhoa	2
Cossonus fossatus	3
DNASpecimen	628
Deinopis	28
Diomus sabina	2
Epitrix manocia	1
Found 1 larva	15
Found 2 larvae	9
Heilus sp6	2
Mago opiparis	1
Mangora semiatra	2
Rosenvingea orientalis	4
aff. Sassacus	13
1994/11/23	2
50 specimens	8
Acallepitrix carinulata	45
Acetabularia	1
Anelosimus	12
Anthonomus lewinsohni	1
Anthonumus onerosus	2
Asphaerina fallax	3
Balmaceda	1
Chaetomorpha linum	6
Chibchea ika	1
Cladophora fascicularis	12
Coccodeurs speciosus	1
Corinna ducke	18
Found 5 ova, 2 larvae	1
Heikertingerella ruelliae	2
Heilus sp7	1
Holothele	3
Morphology	140
Radiospongilla amazonensis	2
Sassacus	1
Scytodes	149
Styposis selis	1
Thwaitesia  bracteata	57
Wagneriana  neblina	2
Zuniga	1
2 specimens	1173
Acanthonycha iyucopaca	8
Adult, ex larva on Aquilegia canadensis	1
Centroctenus ocelliventer	19
Chlorida pallida	1
Cholus conspicillatus	3
Conotrachelus imbecillus	6
Ctenidae	211
Dipoena tingo	10
Egleraltica jariensis	1
Eustala	171
Found 7 ova	1
Heilus sp8	1
Hypaeus miles	4
Neoclytus tapajonus	3
Sickesia tremembe	6
Tyloderma elongatum	2
humanobservation	7539438
sp. 2	1
Adult, ex larva on Woolly Aphids on Alder	2
Cryptachaea pydanieli	16
Dasya	1
Heilus sp9	1
Ischyrus zonalis	3
Ludovix fasciatus	7
Malossoma scutellare	2
Mangora brokopondo	7
Megasoma actaedn	1
Metamasius crustosus	8
Micrathena saccata	5
Nosferattus ciliatus	2
Nyssodrysina venusta	1
Ochyroceratidae	10
Preserved specimen	50301
Soesilarishius cearensis	2
Topotype	12
Wagneriana  hassleri	1
observation	7661878
64 specimens	1
Antitypona fertilis	5
Beata	2
Colaspoides itaituba	5
Demoda vittata	1
Freya perelegans	16
Gnomidolon biarcuatum	1
Lyssomanes yacui	3
MaterialSample	262320
Papered specimen	42
Phaops sp1	2
Brasilaphthona verticalis	5
Capraita carolina	6
Cymatobaris impressifrons	5
Deinopidae	8
Micotretus reticulatus	1
Mysmenidae	4
Observation, Published Report, Specimen	912
Prolycosides amblygyna	8
Stoechospermum	4
62 specimens	1
Acallepitrix paciana	132
BC ZSM HYM 09546	1
Cacoscelis lucens	5
Cacoscelis marginata	46
Capraita ipe	2
Chaetacis	3
Chrysoprasis obscura	1
Ctenacarus barbatus	3
Dictyota	7
Echinotheridion levii	1
Ellipticus dorbignyi	8
Leaves 1	28
MVZ	792
Mummucia ibirapemussu	11
Pholcidae	92
Psedobeta ferrugenea	1
Segestriidae	7
Selenops	8
Selereobaris rutila	1
Soesilarishius paxiuba	2
Synotaxus brescovit	3
Tanybelus	2
Tripusus filirostris	6
ZIN	2504
Zimiromus	20
Achaearanea hieroglyphica	14
Actinosoma pentacanthum	6
Animalia	4
Anyphaenoides locksae	1
Capraita trinidadensis	21
Cotinusa	5
Cyclosa	9
Diabrotica aracatuba	1
Leaves 2	28
Leptosarca simplex	1
Mesabolivar cambridgei	48
Myrmecium dacetoniforme	2
NHMW	457
Observación humana	439856
Sa w 1	1
Teudis	14
Theridion - Ameridium	2
Trachelas SPP	1
drawing	27
specimen(SP)	966557
Actinobolus degallieri	2
Aff. Holothele	13
Aff. Megaphobema	1
Aphthoma quadrifenestrata	2
Apopyllus	52
Borbaita femorata	9
Chrysso pulcherrima	2
Desmarestia menziesii	2
Desmiphora crocata	1
Heilipodus lateralis	2
Leaves 3	10
Mesabolivar	156
Metania reticulata	28
Neoxyphinus petrogoblin	13
Noegus franganilloi	1
Omophoita apicata	2
Onchoscelis germari	18
Otavaloa lisei	14
Piestus oxytelinus	1
Simlops bodanus	1
Stemmops subtilis	1
Syntrechalea	5
Thiodina vaccula	2
Trigonexora stilodina	5
Tyrinthia paraba	1
76 specimens	1
Agasicles connexa	8
Aschnaoonops	11
Aspidolasius branicki	1
BC ZSM HYM 09587	1
Caulerpa cupressoides	2
Cerocida strigosa	4
Cyclocephala dilitata	9
Eunicentrus nimius	7
Freeze-dried larva	9
Heikertingerella opaconatata	1
Leaves 4	4
Mionochroma vittatum	9
Nephila  clavipes	66
Orchestina	69
Quemedice	1
Scaphiella capim	3
Thymoites piarco	26
spe	926
19 specimens	30
60 specimens	1
Aphthona acanthophila	3
Capraita encarpalis	7
Chaetanes setiger	1
Chalepides alliaceus	6
Chlamisus caregianus	4
Chrysometa waikoxi	3
Cladophora prolifera	2
Dipoena cordiformis	6
Found 5 pupae,11 pupal shells	1
Myrmarachne	4
Nycerella volucripes	3
Published Report, Unpublished Report	17624
StillImage	12088
Stygnus	65
reservado cafofo	3
Adult, ex pupa on Rumex verticillatus	3
Alienosternus cristatus	1
Alopecosa moesta	1
Anelosimus eximius	8
Asphaerina auripennis	3
BasisOfRecord	63
Conotrachelus sp1	1
Corinnoma semiglabrum	1
Creugas gulosus	4
Erissus	1
Escaphiella cidades	17
Found 1 ovum	1
Leg	801
MRSN	4
Mecometopus triangularis	2
Mounted specimen	19
Neodrassex	2
Porifera	36
Xeropigo perene	1
living but as yet not sown seeds	986
Acentroscelus	27
Amblyomma varium	2
Anthonomus ousia	1
Ataxia flaviceps	1
Capraita pictipennis	1
Cheiracanthium inclusum	7
Cholus annulatus	1
Conoproctus quadripustulatus	1
Conotrachelus sp2	1
Cossonus bulbirostris	67
Enteromorpha intestinalis	3
Genaphthona dislocata	2
Ischyrus cordiformes	1
L: part	2
Micrathena horrida	1
Passalus interruptus	115
Rosenvingea	6
Sargassum plagiophyllum	1
Stillimage	1
micro pinned laterally into pith block on single stainless steel pin.	1
papered specimen	287
74 specimens	3
Achaearanea hirta	1
Achaearanea tesselata	1
Azilia	24
Brachypnoea vulnerata	2
Chrysometa nubigena	8
Colaspis excentritarsis	1
Compsus sp1	2
Conotrachelus sp3	1
Cyclosa fililineata	27
Cynorta conspersa	75
Diomus nicholas	1
Dipoena tiro	1
Hiotus vernicatus	7
Kapogea cyrtophoroides	1
Micrathena perigrinatorum	4
NERREN NERREN STATION	1
Onocolus echinatus	6
Soesilarishius muiratinga	1
Tonesia glabra	1
Voucher type: morphological	661
17 specimens	36
88 specimens	2
Acalymma obvatum	2
Acaronychus proximus	2
Agoristenidae	1
Agrianes validicornis	30
Apion	2
Bellota	2
Chnoospora minima	1
Compsibidion thoracicum	1
Compsus sp2	1
Conotrachelus sp4	4
Cyriocosmus fasciatus	13
Dysderina	76
Found few ova, 1 larva	1
L S Yeast	1808
Longistylus ygapema	1
Manaosbiidae	150
Mecometopus rubefactus	1
Mesabolivar huambisa	3
Neoantistea	89
Neoxyphinus termitophilus	56
Otoniela adisi	1
Phytotribus sp1	1
Rytonia nitens	1
cf. Allocosa	1
72 specimens	2
A: unpinned	1
Allocosa	5
Anapis	6
Architis spinipes	6
Breda apicalis	3
Capraita virkkii	18
Caulerpa fergussoni	1
Compsus sp3	1
Conotrachelus sp5	1
Cratossomus lucifugus	1
Enteromorpha bulbosa	3
Foveolus maculatus	3
Kalcerrytus amapari	1
Martella	4
Neohahnia ernsti	83
Oncosclera navicella	6
Oonopidae	233
Trechalea amazonica	1
Tropidion persimile	1
Ulva beytensis	3
Zimiromus syenus	1
15 specimens	52
Barrisca	1
Cladophora luteola	1
Compsus sp4	3
Conotrachelus sp6	1
Found 8 ova, 1 larva	1
Habit 1	24
Heikertingerella caracaraia	1
Iphiclus rufifrons	1
Isigonia	2
L: head capsule only	1
Loxosceles	2
Marshallius sp1	3
Micrathena brevispina	1
Micrathena triangularispinosa	28
Noegus	104
Oxyopes rubrosignatus	10
PreservedSpecimen, HumanObservation	1
Sargassum wrightii	4
Whole specimen in ethanol	57
Alagoasa florigera	13
Alagoasa quadripustulata	1
Architis altamira	1
BC ZSM HYM 07732	1
Beleg und Protokoll	20
Brasilaphthona silicia	3
Chalcoplacis striola	2
Chasmodia amazona	2
Coccodeurs longespinicornis	1
Conotrachelus sp7	3
Crossopriza lyoni	3
Cylistella	22
Diabrotica egleri	1
Dictyopteris woodwardii	1
Dipoena	198
Dried Specimen	2
Dynamis nitidulus	2
Elaver juruti	15
Epitrix biscuta	1
Habit 2	24
Helimeda incrassata	2
Hypognatha lagoas	2
Larva	204
Marshallius sp2	1
Observation, Specimen	8516
Padina gymnospora	2
Polyrhaphis spinosa	10
Prosicoderus coronatus	1
Scaphiella	67
Scytodes eleonorae	12
Scytodes itapevi	11
Spatoglossum asperum	13
Zonarius Cinctus	2
cf. Thwaitesia	3
posterior tissue	3
118 specimens	1
Cladophora saracenica	1
Conotrachelus sp8	1
Epitrix domenica	23
Eulachnesia exotica	1
Lissonotus biguttatus	5
Microrhinus	7
Neoscona nautica	2
Nycerella	6
Passalus punctinger	36
Scopocira dentrichelis	1
Tapeina hylaeana	4
Tissue	22
Trigonexora gerentia	2
cf. Misumenops	1
to be vouchered:holdup/private	1312
102 specimens	1
29 specimens	11
70 specimens	2
Agasicles opaca	9
Anthonomus vesculus	4
Antitypona fica	1
Caeporis stigmula	9
Camillina	40
Carapoia  fowleri	44
Chaetacis picta	7
Conotrachelus sp9	1
Diomus cristopher	1
Drymusa  tobyi	1
Enna	2
Herbarium sheet	8859
Lygromma	5
Mesocordylus scutellaris	2
Metazygia laticeps	8
Myoxinus pictus	1
Nyssodrystes deletus	4
Ocrepeira	33
Saw  1	1
Sicoderus ibis	3
Somenes spinifer	3
Symphytognathidae	8
insect leg in 95% ETOH	1
larva	6
mounted specimen	49
1 specimen	4829
13 specimens	52
Acallepitrix isidis	184
BC ZSM HYM 07735	1
Babiohaltica corumbana	130
Brasilaphthona nuaregdima	1
Caulerpa verticillata	1
Cladophora subsimplex	3
Cratossomus hoplites	37
Cycnidolon batesianum	1
Dictyota atomaria	2
Dipoena olivenca	1
East Arm	3
Enteromorpha compressa	2
Enteromorpha tubulosa	11
Euophryinae	47
Genital preparation	382
Janula	4
Loboderes citiventris	21
Myrmarachne mocamboensis	1
Neotama mexicana	1
Nesticodes rufipes	2
Retiro	1
Saprinus semirosus	3
Agrianes subcostatus	1
Alpaida antonio	1
Amatorculus	2
BC ZSM HYM 07736	1
Chlorida fasciata	1
Chnoospora	1
Coelosis biloba	3
Cynorta coxaepunctata	155
Found 6 ova	1
Freudeita cuprinola	5
GLOBEC	48270
Gladicosa gulosa	5
Itartuba pitanga	1
LiteratureRecord	140
Phycosoma altum	8
Phyllophora antarctica	4
Sample	76248
Sicarius tropicus	7
Stygnus multispinosus	1
Synotaxus itabaiana	3
Type	15
Zodariidae	10
Acallepitrix xarthotricha	8
Alpaida leucogramma	2
Chaetomorpha media	7
Cratossomus fasciatuspunctatus	1
Cyclocephala fulvipennis	68
Estola mflava	2
Freeze-dried ova, on Pin Cherry	2
Gamasomorpha	71
Hamataliwa	20
Heterachtes gratiosus	1
Heterophrynus longicornis	3
Hilipinus sp10	5
Litoporus dimona	6
Misumininae	5
Myrmecotypus	23
Neotrops?	130
Pseudosparianthis ravida	14
Sargassum granuliferum	5
Soesilarishius tabernarius	1
Spintharus flavidus	2
Thomisinae	1
Trachyderes cingulatus	1
Tyloderma hustachei	1
gen nov	1
100 specimens	4
27 specimens	13
Acallepitrix catharinae	1
Acalymma exigua	12
Adult, ex larva on Rudbeckia hirta	7
Brasilaphthona eredia	1
Chrysoprasis festiva	1
Cyclosa caroli	3
Cyrtaucheniidae	2
Detail 1	310
Diomus gertrud	1
Found few ova, 3 larvae	1
Heilipus draco	2
Hilipinus sp11	1
Mecometopus latecinctus	1
Micrathena acuta	9
Nealcidion oculatum	1
Prodysderina	1
Rhoicinus urucu	10
Saw 1	439
Stephanopoides brasiliana	1
Type:Holotype	4
11 specimens	70
82 specimens	2
Acallepitrix rozei	4
Alpaida delicata	17
Anthonomus meon	1
Attacobius uiriri	1
Capraita syncrativa	11
Coprophanaeus jasius	9
Detail 2	308
Epitrix penta	1
Eusomenes curtirostris	11
FossilRecord	18900
Goeldia	68
Hilipinus sp12	3
Hoplistonychus bondani	1
Ochyrocera hamadryas	2
Paraluederwaltia	2
Paramasius cristulatus	7
Romitia	8
Saw 2	193
Syncranaus cribum	15
Synema	12
Trachelopachys aemulatus	1
USNM	436
ethanol	4
"	1
25 specimens	23
Acanthinus hapacarensis	1
Actinopus	89
Alagoasa illustris	7
Alagoasa vumeisteri	1
Alpaida tayos	4
BC ZSM HYM 07778	1
Corinna capito	1
Datenbank	28
Detail 3	176
Fluda	8
Found 1 larva on willow	1
Found 1 larva, about to pupate	1
Hilipinus sp13	1
Malacobius sp1	1
Metazygia lagiana	2
Neocrepidodera	1
Odontocera molorchoides	2
Pantomorus sp1	23
Parawixia	8
Psecas euoplus	20
Saw 3	98
Thelyphonidae	1
cf. Chirothecia	2
Acetabularia calyculus	1
Aff. Sadala	2
Attacobius	1
Detail 4	86
Drymusa	3
Found 5 larvae on Sium suave	1
Halimeda macroloba	1
Heikertingerella egleri	1
Lycosa	37
Macrophyes	2
Micrathena clypeata	11
Micrathena patruelis	2
Mimolaia hua	1
Neotama	1
Parawixia bistriata	1
Quemedice piracuruca	7
Rhoicininae	1
Saw 4	39
Simlops? pennai	1
Voucher type : tissue	110
human observation	2707957
96 specimens	1
Acanthoctenus	2
Alagoasa burmeisteri	4
Caulerpa serrulata	5
Corythalia	10
Cyrtomasius marluciae	10
Detail 5	32
Dinaltica biimpressa	2
Diomus barmabas	2
Helvibis rossi	8
Juvenile	486
MCZ	211
Methesis	12
Nolavia	5
Olios	22
Oxyopes holmbergi	43
Parabatinga brevipes	4
Saw 5	27
Scaphiella penna	141
Soldier	9
preserved specimen	417190
viral cRNA	27
39 specimens	3
80 specimens	1
Appula melancholica	1
Belotus maculatus	20
Cryptocellus	22
Fernandezina	28
Metagonia taruma	97
Miturgidae	5
Odontocera triliturata	2
Padina tenuis	1
Philodromidae	5
Polybetes	1
Pronous intus	7
Pseudanthonomus fermion	3
Saw 6	5
Senoculus	27
Thaumasia  velox	4
Wagneriana	6
Ypypuera crucifera	5
imagen	3
private collection	197
sown but as yet not germinated seeds	174
23 specimens	19
Achaearanea canionis	2
Ariadna	14
Brasilianus batus	2
Chloridusa	1
Neoctenus	1
Ommata notabilis	5
Pachylinae	9
Paratype	2
Saw 7	1
Scytodes championi	28
Spilasma utaca	1
Teminius	12
Theridion incertissimum	1
Theridion positivum	4
 PreservedSpecimen	1
Acallepitrix coemtesto	2
Acanthonycha acrocostata	2
Adult, ex larva on Arabis glabra	1
Anthonomus caesius	1
Argiope	1
Coleoxestia femorata	2
Eutichurus	15
Observation, Unpublished Report	21595
Odontoderes morbillosus	1
Parawixia hypocrita	1
Pisauridae	54
Scoloderus	4
Strophius fidelis	2
cf. Coleosoma	3
still image	96591
197 specimens	1
Cacoselis marginata	6
Cholus coloreus	1
Corinnidae	89
Dictynidae	3
Diomus adrian	3
Dodericrepa joraensis	1
Gasteracantha cancriformis	11
Helvetia	1
Homoeomma	1
Janula salobrensis	264
Mangora chao	9
Mesocordylus papulatus	1
Observation, Personal Communication	11114
Omophoita abendrothi	2
OtherSpecimen	1535662
Paecilaema lobipictum	48
Saramacia	1
Sargassum verruculosum	1
Schaenicoscelis	23
Soesilarishius bicrescens	1
Sphallenun tuberosus	1
Sumampattus	1
basisOfRecord	6
cf. Chrysso	3
cf. Hapalopus	1
cf. Kimulidae	1
cf. Naatlo	1
fossil specimen	38455
37 specimens	5
Acanthonycha denticulata	6
Adult, ex larva on galls on Choke Cherry	2
Agrosterna eglesi	1
Amazonepeira callaria	4
Antarctosaccion applanatum	1
Brasilianus rugosus	5
Caponiidae	1
Caught 1	78
Ctenus maculisternis	6
Diabrotica travassosi	3
Dossenus marginatus	15
Espèce	20233
Found 4 larvae	5
Gnaphosidae	20
Gryne	53
Iphiclus quinquetasiatus	4
Nemertina World Checklist	530
Personal Communication, Specimen, Unpublished Report	2779
Psecas	13
Sicarius	11
Trypanidius melancholicus	1
Unpublished Report	150211
Whole organism	86
21 specimens	23
Achaearanea dalama	1
Anelaphus souzai	1
Caught 2	22
Chlorida festiva	6
Cholus boisduvali	1
Hydrocalathus clathratus	5
Miagrammopes	66
Micrathena flaveola	2
Reptilia	1
Sitticus	5
Strotarchus	3
Terpinissa listropterina	1
Tobias	19
Uloboridae	52
Wagneriana  grandicornis	1
Wagneriana  roraima	1
Xeropigo pachitea	1
aff. Otoniela adisi	5
35 specimens	9
Acanthoderes thammi	1
Alcmena	22
Anthribidae	4
Babiohaltica ifrit	2
Caught 3	6
Chaeromorpha indica	1
Chira trivittata	7
Euspilotus nigrita	18
Freyinae	6
Hemilissa catapotia	2
Metamasius hemipterus	396
Porphyra endiviifolium	1
Prosicoderus mesosternalis	4
A: pinned, reared	39
Acallepitrix resina	6
Acanthonycha silvania	4
Achryson Immaculipenni	1
Acoleomerus rufofasciatus	2
Asphaera abdominalis	6
Caught 4	2
Colobothea velutina	4
Corinna	208
Dendryphantinae	3
Echinotheridion utibile	1
Hammatostylus gronovii	1
Micrathena schenkeli	2
OBSERVATION	105
Odontocera punctata	2
Onocolus	5
Sapintus sublatus	1
Stygnommatidae	35
Vindullus concavus	1
fluid preparationskeleton	1
Acallepitrix affectuosa	35
Amycinae	9
Cholus trizonatus	2
Cithaeron praedonius	5
Ctenus nigritus	7
Dolichognatha	8
Drulia uruguayensis	22
Ectenessa spinipennis	1
Gynandrobrotica equestris	1
LITERATURE	21
Observado	113739
Oxysternon oberthuri	5
Padina	13
Paxillus pentaphyllus	1
Perigaster tetracantha	87
Prodidomidae	1
Rhomphaea	41
Sargassum merrifieldii	1
Stygnus trocaraincola	1
Wagneriana  acrosomoides	5
cf. Thymoites	1
dried whole insect	701
whole body	1
49 specimens	2
90 specimens	1
Acanthinus solus	1
Anthonomus subulatus	1
Artema	1
Caught 6	2
Colaspis vigia	1
Coroicona fantina	1
Dictyota bartaysiana	1
Drulia browni	8
Drymusa  spelunca	2
Espécimen Vivo	476
Jania adhaerens	1
Megaderus stigma	8
Nephaspis aquarius	1
Nhandu	2
Rhodobaenus rufirostris	8
Verrucosa	11
juvenile	51
33 specimens	7
Alagoasa crassipleura	1
BC ZSM HYM 09519	1
BMNH	69
Colpomenia sinuosa	3
Diabrotica alegrensis	1
Ephebopus	1
Gagrellinae	60
Germoplasm/seed	2149
Gnomidolon pecipes	7
Macrinus jaegeri	3
Observacion humana	9911
Orthognathus subparallelus	2
Otiothops	95
Pachomius	2
Passalus rhodocanthopoides	4
Saw 3, inc. 1 pocahontas form female	1
Skin; Tissue	1179
Sound	1
Spatoglossum	7
Theraphosinae	29
aff. Matiotia	1
Acallepitrix zulmira	3
Caught 8	1
Cynorta variegata	1
Ero	127
Genaphthona permutata	1
Gnomidolon simplex	1
Platymetopsis overali	23
Protimesius longipalpis	6
Sargassum tenerrimum	7
Taurocopris mimas	1
Zosis	1
fossil	764820
preserved	106550
1	1046
Amazonepeira herrera	3
Barytopus dubitabilis	1
Euophrys	2
Found 5 ova	1
Foveolus anomalus	9
Ianduba mugunza	1
Itaituba pitanga	1
Lissomenes aequalis	6
Lyssomanes remotus	1
Marshallius multiguttatus	2
Megaphobema teceae	15
Micrathena excavata	7
Photos	22
whole specimen	2402
2	22818
47 specimens	1
Chira lanei	23
Cholus sagittarius	5
Enteromorpha clathrata	4
Gnomidolon pallicicauda	1
Hypnea valentiae	31
Hypnideus circumductus	1
Hypognatha belem	1
Museum specimen	102822
Published Report	80230
Scytodes auricula	12
Theridiidae	516
ZMUC-R	25
cf. Mesabolivar aurantiacus	8
paratype	3
31 specimens	7
Asphaera quadrifasciata	6
Champia compressa var scindica	1
Eriophora	3
Fageia	2
Homalinotus depressus	62
Isigonia limbata	9
Lyssomanes nigropictus	13
Observation, Published Report, Specimen, Unpublished Report	1473
Taeniotes orbignyi	1
Tyloderma pilosellum	6
Alagoasa trifasciata	83
Atrypanius lentiginosus	2
Brasilianus rufipennis	1
Breda lubomirskii	1
Chira simoni	1
Compsibidion vanun	1
Cratossomus fasciatus	2
Ctenus crulsi	99
Cyclosa tapetifaciens	14
Dictyopteris muelleri	1
Dipoena cornuta	2
Episinus nebulosus	8
Hiotus sp1	1
Ischnothele	14
L S Fungi	9973
Metamasius sp	7
Photograph	47
Pozonia	1
PreservedSpecimen	104704086
Protimesius trocaraincola	9
Simonestus separatus	7
Synemosyna	9
collection unit	1684
Aff. Bryantella	2
Agalenocosa	15
Attacobius luederwaldti	1
Brasilaphthona amazona	45
Chira guianensis	1
Chrosiothes	4
Diploschema klagesi	1
Dipluridae	10
Elaver	17
Especimen vivo	155
Espécimen Preservado	6663
L: remnant	8
Marshallius contaminatus	2
Pavocosa canaruna	3
PreservedRecord	3945
Sidusa	26
Sighting	17
Stygnus luteus	17
Synotaxus siolii	9
VirtualSpecimen	22373
148 specimens	1
45 specimens	7
6	150403
Acacesia	14
Acanthonycha aspirator	28
Acanthonycha lanei	1
Acari	8
Alagoasa mella	9
Anthonomus victim	1
Avicularia avicularia	124
Caulerpa racemosa	3
Checklist	2910
Dry mounting specimen	562
Episinus immundus	10
Eriophora ravilla	3
Found 7 ova, 4 larvae	1
Genaphthona erenice	56
Heikertingerella bisculpturata	2
Helvibis	7
Micrathena embira	1
Orthobula	80
Other museum	8
Scopocira carinata	14
Sphenophorus sp1	1
Syntype	3
Titanoecidae	8
Tmarus	159
Tyloderma cupreum	2
59 specimens	7
Aviculariinae	1
Chaetocmena casimira	1
HumanObservation	455603974
Living Organism	6956
Metazygia loque	1
Pyrodes auratus	2
Rhinochenus chevrolati	1
Sphenophorus sp2	1
43 specimens	6
Abapeba	79
Alagoasa nigrotiviabi	1
Blood	77
Callipogon armillatum	3
Colectado	1655340
Ctenacarus araneola	1
Fissiphalius	5
Nest	9
Nops	151
Simlops pennai	3
Soesilarishius excentricus	7
Stygnoplus tapirapeco	2
Trechalea macconelli	1
Whole specimen in 95% ethanol	2
cf. Habronattus	9
com gustavo	206
Acorethra zischkai	1
Adult, ex larva on Spiraea alba	2
Dictyota dichotoma	1
Dipoena rubella	3
Dynamis peropacus	3
Dyscharteres bilineatus	1
Erotylus verregatus	5
L S	18422
Mesabolivar eberhardi	21
Minographus sp1	1
Oligoxystre caatinga	1
Otiothops atlanticus	1
Periboem pubescens	1
Tenemotes parviclava	2
cf. Zygoballus	2
pinned specimen, stainless steel pin dorsally through thorax. 	1
Adult, ex larva on Pastinaca sativa	2
Capidava biuncata	19
Capraita ribana	2
Cholus rana	4
Dried	65
Eustala vellardi	1
F, D	500
Found 9 larvae	1
Heteromeyenia stepanowii	2
Hiotus breviusculus	2
Hydrocalathrus clathratus	5
Liostola nitida	1
Monostroma hariotii	8
Opilioacaridae	7
Phrurolithinae	1
Saw many	27
Scoloderus cordatus	1
Sparianthina	1
Specimen	4026091
Valoniopsis forbesii	1
Young	345
cf. Hahnia	7
gr. Reticulatus	14
57 specimens	2
Adult, ex larva on Juglans cinerea	4
Brasilaphthona soberana	40
Cacoscelis nigripennis	6
Ceraarachne	3
Compsibidion multizonatum	1
Cynorta valida	7
Detail	56
Espécimen preservado	61112
Found 1 larva on Queen Anne's Lace	1
Gamasomorphinae	91
Homalinotus humeralis	3
Homalinotus praelongus	1
Human Observation	14305631
Mallocera amazonica	1
Mangora ikuruwa	5
Manogea porracea	11
Odontocera ornaticollis	1
Oxyopes salticus	24
Pelicinus marmoratus	2
Stephanopoides simoni	7
Sternechus tuberculatus	1
Syntrechalea caporiacco	3
Theridion ?	1
Thomisidae	186
Titidius rubescens	11
41 specimens	3
9 specimens	119
Allochroma	1
Antitypona zeca	2
Capidava auriculata	1
Colobothea naevigera	1
Cystoseira trinodis	2
Enacrosoma anomalum	4
Found 15 ova, 3 larvae	1
Found 3 pupae, 8 pupal shells, 4 emerged ova	1
Micrathena armigera	2
Only the head left	1
Oxyopes carvalhoi	5
Synemosyna myrmeciaeformis	2
colectado	10596
com Gustavo	8
Adult, ex larva on cabbage	3
Brasilaphthona erythrostoma	2
Centroctenus	89
Chaetacis cornuta	5
Codium arabicum	4
Literature	110021
Mesocordylus subulatus	1
Neohahnia	634
Neozimiris	3
Trypetes rhinoides	1
Wagneriana  jacaza	2
alcohol/microscope	1
cf. Ariamnes	3
Acallepitrix gavelle	42
Alagoasa lacordairei	12
Alpaida simla	10
Capraita apollonia	7
Caulerpa taxifolia	10
Cholus nyblaei	2
Cleogonus marginesulcatus	1
Ctenus dubius	31
Cyclocephala bicolor	6
Heteropoda venatoria	19
Mesocordylus striatus	8
Misumenoides	3
Phanaeus jacius	2
Rhoicinus	24
Sargassum ilicifolium	4
Tupirinna  rosae	2
55 specimens	2
Beata maccuni	4
Cholus notabilis	2
Cladophora howei	3
Eupromerella clavator	1
Found 2 pupae	1
Found many ova, 9 larvae	1
Graptartia	1
Isoctenus cachimbo	4
Mangora	29
Metazygia yobena	4
Micrathena sexspinosa	6
Nissicotylus overali	1
Plexippus paykulli	7
Rhopalophora paraensis	6
Sargassum densifolium	2
Senoculus gracilis	1
Tmesiphantes	2
Track	609
Trochosa	2
Whole specimen	439
genomic DNA	118835
humanObservation	7675178
(Atkinson, Siegel, Pakhomov and Rothery 2004)	70370
69 specimens	3
7 specimens	153
Aff. Tapinauchenius	1
Alpaida cuyabeno	1
Amycus	3
Ariamnes	12
Coleoxestia armata	2
Ejemplar	8454
Glyptossapus vanettii	1
Gradungulonoops?	40
Homalinotus nodipennis	1
Maraca horrida	1
Marshallius multisignatus	9
Observation	23576922
Opopaea deserticola	2
Parasites	2
Preservedspecimen	26968
Sargassum hystrize var spinulosum	1
Teminius insularis	68
Uaiuara? amazonica	3
53 specimens	1
A	29230
Aculepeira	4
Alagoasa	35
Anthonumus rhinozotis	5
Corinna bicincta	1
Cybaeodamus	9
Dodericrepa colorata	1
Found few ova on Arabis divaricarpa	1
Gênero ind.	1697
Mangora hirtipes	58
Metaltella	1
Nycerella aprica	1
Observation, Specimen, Unpublished Report	4532
Onocolus biocellatus	1
Passalus convexus	5
Sargassum hystrix var. spinulosum	5
Specimen in 95% Ethanol	430
Stenoterommata arnolisei	2
Thomasettia	1
Trachelas	45
Xeropigo	46
in alcohol (ethanol, 96%)	86
5 specimens	329
Acanthinus egleri	1
Aphthona quadrifenestrata	12
B	9
Caryonoda bisinuata	2
Ctenus manauara	6
Diplura sanguinea	39
Hypognatha scutata	8
Iphiclus peruffinis	1
Micrathena coca	2
Oxyopes candidoi	2
Paxillus leachi	12
Plistonax albolinitus	1
Pseudodysderina?	32
Saramacia lucasae	83
Sargassum cinereum	1
Sebastira	1
Syntrechalea syntrechaloides	5
Tenedos garoa	2
To be vouchered (holdup/private)	16
cf. Pallens	1
http://www.inaturalist.org/observations/3802311	1
substituir	19
Boodlea composita	1
Bruchidae	1
C	869
Codium dwarkense	7
Dipoena hortoni	13
Gastromicans	2
Homalinotus validus	107
Hypnea valletie	1
Metagonia beni	18
Noegus niveomarginatus	2
Nyssodrysternum serpentinum	1
Nyssodrystes caudata	1
Photography	3
Pselligmus	6
Pteracanthus smidtii	2
Rosenvingeia intricata	1
Sargassum filipendula	9
Sphecotypus	4
Taeniotes pulverulenta	1
Tapinauchenius	4
Trochospongilla pennsylvanica	4
cf. Erissus	1
literature	1
67 specimens	5
Acallepitrix monilicornis	2
Alpaida truncata	12
Anapistula	4
Andiroba egleri	1
Anisopodus phalangoides	1
Anthonomus vis	7
Camopis parvirostris	1
Carterica mucronata	2
Chira spinosa	3
Cyclocephala latericia	1
D	191932
Eusomenes amputatus	1
Found 4 ova	1
Found many pupal shells on or near A. incarnata	1
Idiops	29
Ischnothyreus	3
L: fragment	1
Macrobrasilianus bellator	1
Micrathena evansi	96
Micrathena plana	9
Noegus arator	1
Theridion soaresi	7
Xeropigo tridentiger	8
51 specimens	2
Acalymma bivittula	18
Acanthinus simplicis	14
Aglaoctenus castaneus	5
Ami	2
DNA Voucher	1
Diomus abdon	1
Diomus callistus	1
Diomus patrick	1
Found 20 larvae	1
Heteropoda	1
Misumeninae	19
PRESERVED_SPECIMEN	6079
Palpimanidae	32
Paratropis	57
Peckhamia	2
Phoneutria fera	12
Ruth ct. 1	2
Tyloderma inaequalis	2
dead seed sample	199
verf. K. Damsholt 2009"	1
3 specimens	615
Ariamnes attenuatus	20
Callipogon jaspideum	1
Diabrotica tarcisia	2
Estola flavescens	1
F	143940
Henri Robert - henri.robert@naturalsciences.be	489
Heterophrynus	84
Pavocosa	4
Published Report, Personal Communication, Specimen	578
Scytodes fusca	12
Stenodontes spinibarbis	24
Thallumetus	9
Zimiromus sinop	1
specimen	2705508
unvouchered	1271
A: pinned	251
Acalymma rubeola	4
Cryptachaea diamantina	2
Elaver lutescens	1
Entimus nobilis	1
Epilineutes globosus	1
Epitrix linda	2
Fluda inpae	3
Found 6 larvae	3
G	9793
Histobrasilianus seabrai	3
MachineObservation	3007978
Metazygia paquisha	1
Observation, Published Report, Personal Communication, Unpublished Report	1148
Ophtalmoplon inerme	1
Pentacomia rietscheli	2
Roquettea singularis	19
Setaphis	4
Stygnus laevis	5
65 specimens	2
?H. Sørensen"	1
Alegoria dilatata	17
Araneidae	87
Culture	2255
Erotylina brasilianus	5
Gymnogongrus antarcticus	1
Hypognatha navio	1
Madopterus talpa	23
Mesabolivar spinulosus	54
Metazygia uraricoera	1
Onchorhinus sp1	18
Ozopherus muricatus	4
PRESERVEDSPECIMEN	4
Pronous tuberculifer	4
Rhinochenus brevicollis	1
UTU	137
Ulva rigida	10
79 specimens	1
Alagoasa guaerula	17
Amycus flavicomis	6
Berlandiella	17
Caponina papamanga	2
Caulerpa crassifolia	2
Dipoena kuyuwini	14
Episinus crysus	1
Exora olivacea	1
Felddaten	15
Freynae?	1
Geaya	68
Leprolochus oeiras	189
Metamasius anceps	1
Neoctenus comosus	2
Onocolus pentagonois	7
Paraphysa	1
Soesilarishius macrochelis	2
Steadoda	1
Uloborus trilineatus	2
Vouchered	47
cf. Dipoena	9
virtual specimen	1
63 specimens	1
Aglaoctenus	6
Alagoasa condensa	1
Alpaida gutoi	32
Antitypona formosa	5
Antitypona longicornis	107
Callia simplex	1
Chalcodomus sp1	3
Ctenus amphora	265
Hibana discolor	3
J	214
Mecynometa	1
Micrathena	33
Micrathena ucayali	1
Naupactus sp1	3
Neonella	18
Observación Humana	8697
Padina tetrasomatica	22
Passalus interstitialis	72
Phiale crocea	2
Pinned Specimen	434
Sargassum hystrix var. buxifolium	2
Specimen in ethanol	5
Stephanopis	16
Strophaeus	4
Strotarchus nebulosus	1
Taeniotes amazonum	1
Trochospongilla paulula	8
Tyloderma obliquatum	2
Acalymma retinula	7
Achaearanea tingo	12
Agasicles interrogationis	1
Alagoasa libentina	7
Araneae	6
Boergesenia forbesii	3
Capitato	130
Chalcodomus sp2	1
Eburodacrys truncata	1
Enema pan	15
Episinus erythrophthalmus	20
Eurhinus viridis	5
Glyptobaris amazonica	3
Hypnea	5
Maeota dichrura	3
Metazygia gregalis	15
Naupactus sp2	1
Notebook entry	11
Observation, Published Report, Unpublished Report	3863
Prosicoderus gyllenhali	1
Rhoicinus gaujoni	1
Rishaschia	1
Scaphidomorphus bosci	1
Scytodidae	39
Sicoderus gracilis	1
Soesilarishius chaplini	2
Theraphosidae	84
Tyloderma brevisquameum	2
166 specimens	1
Amblypygi	62
Cacoscelis pygidialis	1
Chalcodomus sp3	1
Compsibidion orpa	7
Cryptocellus tarsilae	1
Dipoena alta	2
Encolpius	1
Enteromorpha	1
L	60258
Literaturangabe	1159
MZUF	26
Metamasius cinnamominus	68
Naupactus sp3	2
Observation, Published Report	3969
Oxyopidae	45
Prorachias  ibitipoca	1
Saw 2, in copula	1
Stemmops	6
Trypanidius notabus	1
Tyloderma natator	2
Type:Syntype	2
unknown	146
77 specimens	1
Ashtabula	1
Cacoscelis melanoptera	4
Cholus jekelii	6
Compsa quadriguttata	3
Corinna colombo	1
Cratossomus scaber	3
Dictyopteris dichotoma	1
Episinus malachinus	1
Hypaeus	515
Living Specimen	7
Mangora melanocephala	5
NMP	152
Nephila	10
Philoponella	10
Salticidae	548
Thwaitesia	51
Thwaitesia  affinis	1
Trechaleidae	25
cf. Habronatha	1
vouchered	82
61 specimens	4
Achaearanea nigrovittata	2
Araneus venatrix	17
Ctenus auricomus	1
Diomus fabian	1
Dipoena bryantae	4
Halymenia	5
Mesocordylus cerinus	2
Misumenops	12
Personal Communication, Specimen	6881
Sitophilus zeamais	11
Sonido grabado	1
SoundRecording	881
Stenostygnus pusio	10
Stephanopoides sexmaculata	1
Stygnus nogueirai	2
Thaumasia  annulipes	10
Trachyderes succinctus	2
UNKNOWN	33
Ulva reticulata	18
Adult, ex larva on Urtica dioica	8
Ancylometes rufus	656
Anthericaceae	1
Barychelidae	3
Chlamisus striolatus	2
Colaspis diringshofeni	2
Distenia suturalis	3
Eupoecilaema perducens	3
O	15379655
Observation, Personal Communication, Unpublished Report	5865
Palmaria decipiens	94
Peridinetus irroratus	4
Rhinochenus stigma	4
Sargassum wightii	3
Symphytognatha tacaca	1
Tapinillus	1
aff. Apochinomma	2
Acallepitrix wohia	6
Brasilaphthona heterosculpita	1
Bryopsis plumosa	12
CM	2
Calipeges crispus	3
Castianeira	17
Cholus	3
Conotrachelus sp10	2
Ctenus	482
Dosilia pydanieli	2
Eustala illicita	2
Fosliella farinosa	1
Found 1 larva on Urtica	1
Habit	156
Lapsamita maddisoni	2
Misumenops pallidus	1
Oedopeza Maculatissima	1
Oreodera bituberculata	2
P	1106
Pseudanthonomus canescens	1
Simlops juruti	2
Speocera	6
Unknown	34263
preservedSpecimen	45327
107 specimens	1
75 specimens	1
Adult, ex larva on Asclepias syriaca	2
Akela ruricola	2
Apopyllus silvestrii	7
Architis tenuis	130
Asphaera abendrothi	2
Belemulus  annulatus	1
Chrysometa	7
Conotrachelus sp11	1
Desmiphora magnifica	1
Escaphiella cachimbo	3
Found 8 old ova	1
Microscope slide	3
Modisimus culicinus	2
Observación con máquina	297
Oedopeza pogonocheroides	5
Onofre	12
Proshapalopus	1
Sicoderus antilope	1
dry	3
18 specimens	36
89 specimens	1
Agrianes versicolor	1
Caulerpa scalpelliformis	17
Conotrachelus sp12	1
Dictyota dumosa	2
Discocyrtus	5
Gen. n.	163
Halymenia venusta	7
Mago	181
Menemerus bivittatus	2
Metamasius tuberculipectus	7
Nyssodrystes signifera	1
Prepophorus herbsti	5
Scopocira tenella	34
cf. Neotama	1
preservedsample	3435
73 specimens	2
Acanthonycha arenga	2
Asphaera meticulosa	5
Centroctenus auberti	17
Conotrachelus sp13	1
Corinna nitens	2
Ctenus inaja	4
Cybachrome	1
Diplura lineata	1
HumanObservation, PreservedSpecimen	1
Itata tipuloides	21
Litoporus	3
Maraca	10
Megacyllene angulata	15
Oxyopes	47
Paramasius distortus	18
Parawixia ouro	2
Phycosoma	3
S	3698064
SMNS	5
Specimen, Unpublished Report	14774
Tenedos carlosprestesi	1
Tenedos nancyae	1
To be Vouchered:Holdup/Private	1700
Video	3
dry sample	14
Abapeba hoeferi	1
Abapeba lacertosa	4
Coleosoma acutiventer	4
Conoproctus biplagiatus	9
Conotrachelus sp14	1
Ctenus bimaculatus	1
Cyclocephala testacea	7
Cystoseira indica	2
Episinus juarezi	6
Latonigena	4
Leprolochus birabeni	1
Micrathena pungens	12
Myrmecium	172
Parawixia velutina	2
Rhizoclonium tortusum	1
Saturnospongila carvalhoi	4
Sound Recording	34777
Tupirinna	5
Cholus repetitus	1
Conotrachelus sp15	1
Diomus hilario	3
Diplura	237
Endodesmis verticillata	1
Falconina gracilis	13
Halymenia yenusta	3
Heikertingerella hirticornis	1
Merocnemus binotatus	1
Metamasius tectus	10
Sparianthinae	1
Titidius caninde	2
Whole Voucher	210
cf. Styposis	30
16 specimens	35
87 specimens	2
Alagoasa dissepta	20
Apraea portoricensis	4
Brenthidae	13
Bryopsis pennata	1
Castianeirinae	2
Cocholla simoni	6
Diabrotica tijuquensis	3
Diomus joachim	1
Found 3 larvae	6
Kapogea	1
Laminaria	1
Paecilaema	53
Parabyzes angulosus	1
Protimesius	1
Rhigus speciosus	4
Sillus	3
Stegotes sp1	1
Styposis	18
whole specimen in ETOH	1
Amaurobiidae	2
Conotrachelus sp17	1
Cratossomus bombina	4
Dipoena atlantica	75
Eumadarus  sp1	1
Freya	7
Hypognatha	31
Ibotyporanga	3
Metazygia	36
Naatlo	4
Naupactus tarsalis	2
Pseudanapis	50
Rhopalocranaus opiculatus	1
Theraphosa blondi	50
W	4368
14 specimens	54
Alagoasa commutata	30
Ancylometes	63
Attacobius tucurui	1
Brachypnoea eulina	2
Checklist of Antarctic Amphipod Crustaceans	6702
Coccodeurs novempunctatum	1
Conotrachelus sp18	1
Criodion torticolle	1
Dictyota dichotona	1
Diomus cyriacus	1
Drymusa  philomatica	1
Especimen Preservado	7850
Lobophora variegata	2
MZUR	4
Melanocyphus	18
Metania fittkaui	6
ObservedSpecimen	151767
Opiliones	26
Parawixia kochi	43
Selenops maranhensis	9
Thwaitesia  simoni	13
Trichophorus distinctus	1
Wulfila	7
Adult, ex larva on Salix	7
Aglaoctenus lagotis	10
Aillutticus	1
Alagoasa quadrifasciata	3
Alpaida utiariti	1
Compsosoma nubilum	1
Dilophus coniegata	1
Diomus louis	1
Found 3 larvae on A. incarnata	1
Halimeda tuna	1
Heidrunea	1
Hilipinus sp1	3
Ischyrus chevvolati	5
Micrathena schreibersi	67
Observation, Personal Communication, Specimen, Unpublished Report	1279
Oon-simlops-falta preencher	33
Paramadarus complexus	2
Phiale	9
Rhinostomus barbirostris	47
Sargassum myriocystum	1
Stoechospermum marginatum	28
Xyloprista praemorsa	4
Y	837
imagen tipo	1
microscope slide	8
117 specimens	1
85 specimens	2
Adult	4689
Alagoasa arcifera	11
Anthonomus imperium	2
Antitypona amoena	2
Capraita oblignata	36
Cholus laticollis	14
Diaea	1
Enteromorpha linza	5
Hilipinus sp2	6
Hypnea cervicornis	22
Nephaspis aquila	1
Only the tail left	2
Parisoschoenus sp1	1
Pavocosa nordenskjoldi	4
Protus insolens	30
Tapponia	4
Type specimen	131
28 specimens	8
Alagoasa osascoensis	1
Caraguata paraensis	1
Coryphasia	25
Cratossomus sp1	1
Diomus euphemia	1
Eustiromastix	2
Found many ova, 3 larvae	1
Hahniinae	1
Hilipinus sp3	2
Macromaethinus belemensis	3
Metazygia peckorum	3
Occurrence	5285530
Opopaea	11
SP	48408
Scopocira	151
Still Image	25
Tyloderma nigromaculatum	2
Voucher reared	218
Xenonemesia araucaria	2
12 specimens	66
83 specimens	2
Alagoasa hellwigi	9
Amatorculus cristinae	2
Amazodysderina?	16
Amblyomma geayi	2
Capraita carinimera	5
Caulerpa peltata	9
Cotinusa dimidiata	31
Cratossomus sp2	1
Delmodacrys mourei	2
Dubiepeira dubitata	2
Freeze-dried ova, on Butternut	3
Freeze-dried pupa	13
Germplasm	17353
Hilipinus sp4	15
Hypogena biimpressa	18
Leaves	226
Literatur	129
Oecobiidae	1
Phaedropus candidus	12
Tetrablemmidae	1
Theridion	13
Theridion metabolum	4
preservedspecimen	5526028
Alpaida tabula	1
Architis brasiliensis	1
Attacobius blakei	1
Cactophagus limulus	2
Capraita boneca	9
Carapoia  ocaina	30
Cratossomus sp3	1
Ctenus villasboasi	45
Dictyopteris australis	4
Epitrix jariensis	1
Hilipinus sp5	1
Iridaea cordata	3
Isoctenus	22
Metazygia jamari	20
Micrepeira fowleri	1
Myoxomorpha funesta	1
Sadala?	11
Sargassum portierianum	1
Saw few	212
Still image	1
Acallepitrix coracina	1
Alagoasa januaria	1
Alagoasa rufina	26
Amazonepeira beno	1
Atellabidae	21
Brasilaphthona fulvipes	3
Cratossomus sp4	1
Diomus barbara	2
Drymusa  canhemabae	2
Especimen preservado	16108
Found 1 ovum, 3 larvae	1
Hibana similaris	2
Hilipinus sp6	3
Marma	2
Neocompsa lincolata	2
Observation, Published Report, Personal Communication, Specimen	168
Ogulnius	44
Pocockiella	1
Protimesius laevis	4
Spintharidius rhomboidalis	1
Vectius niger	8
26 specimens	17
Abapeba grassima	3
Acanthinus bordoni	1
Achaearanea taeniata	2
Agyneta	30
Anapidae	14
Cleared and Stained	1
Corinna mourai	13
Cratossomus sp5	2
Cydianerus latruncularius	3
Cylicasta coarctata	1
Envia moleque	7
Found 3 larvae on Hops	1
Freudeita interlata	2
Hadrotarsinae	1
Hilipinus sp7	3
LivingSpecimen, PreservedSpecimen	1
Material seco	7621
Moving Image	15
Novafrontina	1
Paecilaema manifestum	207
Synotaxidae	5
cf. Ero	1
enteromorpha intestinalis	2
10 specimens	136
81 specimens	3
Argyrodes	12
Capeta cachimbo	3
Dichyota dumosa	1
Ellipticus pallidus	4
Erica	5
Euticurine?	1
Found 1 larva, on hops	1
GP Gillette Museum of Arthropod Diversity	11
Goianinha eutrachela	2
Hilipinus sp8	1
LiteratureOccurrence	9879
Stenoonops	3
pinned specimen, stainless steel dorsally through thorax.	14
specimen in ethanol	45
24 specimens	13
Acanthinus bechyneorum	2
Allocolaspis brunnea	2
Brignolia cubana	7
Cholus trilineolatus	4
Chrysoprasis moerens	4
Hilipinus sp9	1
Imagen	2
Label 1	260
Lurio	1
Mimetidae	33
Observation, Published Report, Personal Communication, Specimen, Unpublished Report	322
Oxyopes hemorrhous	10
Sosippinae	1
Tenemontes abdominalis	22
Trinella	12
Vendaphaea lajuma	1
Xyloperthella picca	6
cf. Phoroncidia	6
genomic RNA	3
occurrence	2413
Acanthonycha parvula	2
Acragas	1
Attacobius carranca	1
Brachypnoea arbustorum	2
Carminaltica uniformis	3
Dictyopteris plagiogramma	1
Dipoena banksi	1
Guaralycosa?	3
Hypnea musciformis	7
Label 2	262
Linyphiidae	29
Methesis semirufa	1
Neoxyphinus furtivus	77
Sargassum	52
Simlops bandeirante	1
Trochospongilla gregaria	4
cf. Eutimesius	41
95 specimens	1
Acanthinus parianae	5
Alagoasa nigroscutata	1
Anelaphus robi	11
Anthonomus opis	1
Araneus	19
Avicularia versicolor	4
Brasilaphthona buritiensis	5
Calluga	23
Escaphiella	1
Herbarium specimen	2
Ianduba abara	1
Label 3	160
Lycosa nordenskjoldi	1
Micrathena triangularis	12
Scytodes altamira	30
whole specimen in ethanol	276
111 specimens	1
38 specimens	3
Alagoasa plaumanni	1
Architis tenuipes	3
Cacoscelis feldneri	1
Carapoia	5
Colpomenia sinusa	1
Coprophanaeus lancifer	40
Fufius	63
Fufius auricomus	27
Gelanor	76
Label 4	56
Lasiodora	3
Lyssomanes amazonicus	2
Lyssomanes velox	3
Metazygia erratica	2
Micrathena kirbyi	47
Neocutrypanus mutilatus	1
Oonops	64
Physocyclus globosus	28
Plant Virus	20
Prionostemma	89
Radulphius laticeps	8
Tenedos hoeferi	37
Trochospongilla variabilis	2
Vindullus	2
cf. Ariadna obscura	1
cf. Noegus	1
fluid specimen	7870
mRNA	33
22 specimens	25
Anthonomus potens	1
Antichei capucina	1
Drymusa  colligata	2
Label 5	14
Lycosidae	62
Maeota	2
Preservado	5317
Published Report, Specimen, Unpublished Report	2947
Scytodes cotopitoka	6
Sicoderus prolatus	1
Spintharus	2
Abapeba taruma	5
Acalymma punctatum	1
Ceragenia bicornis	4
Cerichrestus batesi	5
Chrysoprasis aurigena	2
Diomus basil	2
Heilus sp10	1
Lyssomanes vinocurae	3
Soesilarishius flagellator	2
Sparassidae	144
Tupirinna rosae	6
Type:Allotype	1
Voucher type:  morphological	5
Zonarius erythrogonus	2
voucher	555330
Alpaida veniliae	2
Benficana longigena	4
Caught 1 pocahontas female	1
Caught 10	1
Coleosoma floridanum	13
Dysderina urucu	3
Found 4 ova, 1 larva	1
Found 8 larvae	1
Gonyleptidae	8
Itata	22
Kalcerrytus	58
Micrathena cyanospina	1
Micrathena spinosa	18
Phoneutria reidyi	47
Pseudanthonomus tachyon	26
Published Report, Personal Communication, Unpublished Report	5744
Samoidae	7
Sargassum swartzii	3
Stygnidius	113
Thaumasia	103
TypeSeries:Paratype	4
180 specimens	1
36 specimens	11
Acalymma theimei	14
Caulerpa sertularioides	4
Chrysoprasis floralis	5
Coleosoma	27
Collection	440
Cosmetidae	151
Cynorta juruensis	58
Dossenus	11
Episinus	437
Fissiphallidae	237
Hytanis	8
Levringea borgesenii	1
Macrinus	1
Neozodes Signata	1
Pocockiella variegata	3
Published Report, Personal Communication	5228
Synagelinae	1
Zuniga magna	1
20 specimens	29
Eburodacrys crossimana	4
Hapalopus	21
Kimulidae	28
Labelscan	33
MNHN	82
Macropophora trochlearis	3
Mangora pia	26
Neodiplothele irregularis	1
Praxithea Travassosi	1
Sampaiosia	5
Scaphiella irmaos	30
Syntrechalea tenuis	1
Titidius quinquenotatus	14
Uloborus	8
Ulva lactuca	24
Xylergates dorotheae	1
aff. Neoxyphinus	10
living, growing plant	6189
34 specimens	8
Alpaida urucuca	9
Chaetacis aureola	67
Cholus calamita	3
Creugas	20
Cydianerus latinsculys	2
Cynorta	251
Dipoena militaris	24
Fossil	63
Found 2 ova	1
Heikertingerella callifera	2
Hemilophus smithi	2
Lyssomanes tenuis	9
Mangora porracea	2
Masteria	18
Peucetia	3
Uraarachne	1
Voucher	78450
Alagoasa erux-nigra	1
Ancylometes concolor	1
Antitypona egleri	114
Antitypona hebe	47
Atractomerus tupinamba	2
Cryptocellus abaporu	2
Cupiennius	3
Dendryphantes	9
Diomus angela	38
Hasarius adansoni	8
Holothele rondoni	38
Lasaeola donaldi	14
Living	6387
Micrathena duodecimspinosa	2
Neoxyphinus boibumba	28
Parisoschoenus brevipennis	1
Plant	110017
Selenopidae	7
Sheet	370
Titidius galbanatus	1
Trichophorus quadristigma	1
Tullgrenella	32
Allocosinae	1
Caulerpa serrularioides	1
Chlamisus chapadensis	8
Ctenus serratipes	142
Dipoena trinidensis	2
Eucerotoma egleri	1
Halymenia porphyroides	10
Heilipus discoides	4
Linothele	3
Lyssomanes	71
Micrepeira pachitea	4
Observation, Published Report, Personal Communication	693
Pachistopelma rufonigrum	2
Phoroncidia	13
Photo	210
Sarinda	4
Specimen/still image	1
Synemosyna paraensis	2
Trachelinae	2
Zygoballus	2
l	603
121 specimens	1
48 specimens	4
Achaearanea trapezoidalis	39
Brasilianus luridipennis	2
Brasilianus rusticus	3
Cholus patruelis	8
Cholus sparsus	5
Cupiennius bimaculatus	14
Diomus scholastica	1
Discocyrtus carvalhoi	16
Eburodacrys sexmaculata	1
Emerged specimen	3
Epitrix egleri	2
Gnomidolon melanosomum	1
Nyssicortylus overali	1
Pavocosa canarana	1
Trachelopachys sericeus	4
Valoniopsis pachynema	5
Veturius cephalotes	2
Zimiromus beni	7
! Complete spm as sample	1
32 specimens	8
Azilia histrio	7
Dipoena pusilla	1
Escaphiella hesperoides	1
Found many ova, 8 larvae	2
Gen.n.	11
Gephyroctenus	23
Glenognatha	6
Gnomidolon musivum	4
Hubardiidae	6
MC collection	35
MCCI	6
Metazygia enabla	1
Mionochroma aureotinctum	1
Mummuciidae	3
Neoxyphinus barreirosi	110
Odo vittatus	17
Onocolus compactilis	1
Palame crassimana	1
Sternechus sp1	1
Surazomus paitit	31
Thelyphonellus	48
Thiodina	21
Thymoites	60
Acanthinus pilositibia	1
Alpaida negro	1
Amazonepeira manaus	2
Brasilaphthona hortensia	2
Cinetomorpha	18
Deliphastus bechyneorum	2
Dictyota bartayresiana	2
Dinaltica tuberculata	2
Epicratinus	61
Escaphiella aratau	13
Gênero ind. humbom	1
Otiothops curua	55
Patrera	46
Santinezia tremembe	2
Scopocira histrio	3
Sternechus sp2	1
Theridiosomatidae	27
Veturius transversus	1
cf. Neotrops	41
o	725126
preserved in alcohol	3298
Acanthoscurria geniculata	4
Aff. Hapalopus	2
Diomus sennen	1
Dipoena duodecimpunctata	12
Hapalopus butantan	61
Metazygia castaneoscutata	1
Neodiplothele	2
Nyssicus aureopilosus	1
Pinned specimen, stainless steel dorsally through thorax.	1
Spilasma duodecimguttata	15
Sternechus sp3	1
Stygnidae	1
Toronacus perforator	1
Ummidia	10
cf. Gradungulonoops	2
46 specimens	5
Adult, ex larva on Fraxinus americana	1
Anthonomus ratio	1
Aphantochilus	47
Architis	5
Bertrana elinguis	7
Codium elongatum	2
Ctenus minor	4
Eilica	9
Erana nigrita	1
Genaphthona orthochroma	1
Hentziectypus rafaeli	6
Lophopaeum acutispina	2
Mazax	1
Metagonia	2
Monoblemma	1
Nephaspis hydra	1
Opades costipennis	1
Phoneutria	21
Sternechus sp4	1
ZOBODAT	6
abdoman tissue	1
gen. nov.	16
q	1
30 specimens	21
Antitypona quinquepustulata	35
Cerocida ducke	21
Chinoscopus	9
Corinna recurva	1
Cratossomus sticticus	18
Found 50 ova on Rumex crispus	1
Guyruita cerrado	2
Neoxyphinus	483
Nothroctenus	56
Nyssodrystes afflicta	1
Protosphoerion signatipenne	1
Pseudosparianthis	12
Sternechus sp5	2
44 specimens	6
Acalle recurvata	2
Acanthoderes compta	1
Chrysso	31
Diomus bibiana	2
Enoploctenus	28
Envia garciai	2
Eriophora edax	2
Faiditus	21
Habrophora colorata	1
Halymenia amoena	1
Hoplistocerus gloriosus	1
Mangora woytkowskii	13
Microrhinus grandis	2
Parawixia matiapa	1
Prionostemma aureomaculatum	141
Sternechus sp6	1
Uaiuara?	1
s	39275
Allocolaspis halli	1
Araneus guttatus	3
BC ZSM HYM 07721	1
Babiomaltica ifrit	2
Cacoscelis marginalis	188
Chthoneis clypeata	1
Cleogonus conicollis	1
Found 5 larvae	2
Ilha de Maracá, SEMA Estação., North side of island at Três Igarapés, ca. Ca. 2km along picada from sub-camp. Open sunny area of tree fall in open seasonal evergreen forest (lower and less dense tha at base camp on south of island).	1
Label	110
Phoebe bicornis	1
Zalmoxidae	77
Ammotrechidae	1
Antitypona diachroma	126
Antitypona nitentula	48
CAS	1173
Capraita clarissa	1
DrawingOrPhotograph	19427
Enna  igarape	5
Epilachna cacica	51
Eriophora fuliginea	21
FossileSpecimen	1091069
Gracilaria verrucosa	1
Hesychotypa liturata	1
Ischnocolinae	10
Lyssomanes unicolor	7
Noegus fulvocristatus	2
Rhynchophorus palmarum	390
Spécimen	174
larvae	10
58 specimens	1
Acanthinus fimbiatus	1
Acanthonycha arbusticola	34
Anthonomus pruinosus	1
Argiope  argentata	39
Capraita motschulskyi	3
Caulerpa varavalensis	1
Chrysso sulcata	1
Ctenus similis	66
Ctenus taeniatus	11
Dictyota automaria	1
Elaver valvula	60
Enna  bonaldoi	8
Episinus garisus	14
ICSTZM	1
Ischnothele guianensis	30
Micrathena miles	27
Nemesiidae	1
Oonopinae	18
Otiothops puraquequara	7
Padina pavonica	1
Pantomallus piruatinga	1
Paracleocnemis	30
Simonestus	11
Tenedos	1
Ultinaltica calcarata	5
Xyccarph	1
Xylethrus	1
42 specimens	6
Architis maturaca	5
Codium coronatum	2
Colobothea securifera	1
Coxapopha	1
Desmiphora cirrosa	3
Diomus docothy	1
Diomus ubald	24
Dorcasta implicata	1
Epeirotypus	2
Epicadus heterogaster	2
Erodiscus obidensis	1
Especimen	48387
Found 13 larvae	1
Helimeda opuntia	12
Hypnea spicifera	1
Ianduba varia	1
Kapogea alayoi	1
LivingSpeciman	1
Lydipta conspersa	1
NomenclaturalChecklist	1489
Oonopoides	6
Published Report, Personal Communication, Specimen, Unpublished Report	776
Strophius	24
Tetragnathidae	73
Thaumasia  argenteonotata	29
Tropidion pubicolle	1
Tyloderma sayi	1
TypeSeries:unknown	20
aff. Xyccarph	68
livingspecimen	59506
Actinopodidae	1
Architis cymatilis	1
Cosmopolites sordidus	4
Cymatobaris coerulea	1
Dynamis borassi	15
Eburodacrustola pickeli	1
Ephebopus murinus	15
Mecynogea	1
Neocteniza	9
Observation, Personal Communication, Specimen	1337
Reportado	162128
Senoculidae	7
Sparianthis	10
Syntrechalea adis	2
Tatepeira tatarendensis	1
sp. 14	1
Acallepitrix ywa	6
Aff Holothele	18
Alpaida bicornuta	3
Ammoxenus	1
Anthonomus sugillatus	1
Capidava	1
Chamaedoris auriculata	3
Clubionidae	12
Diomus hedwig	1
Gephyroctenus juruti	1
Goeldia zyngierae	1
Hersiliidae	4
Hiotus parviscutis	1
LivingSpecimen	1069192
Oecobius concinnus	4
Otoniela	11
Personal Communication, Unpublished Report	39877
Scytodes piyampisi	19
Steirastoma aethiops	2
Synaemops	1
Xeropigo camilae	1
Xylethrus superbus	4
Zimiromus hortenciae	9
