"(Zanzibar) Unguja Island",3
"12 miles N of",2
"27Km W of",1
"6 Mile",2
"? Long Island",1
"A.C.T BORDER",1
"ABC Islands",2
"ADOLPHUS",1
"ADONARA",76
"ALOR",354
"ALOR KECIL",3
"AMBON",250
"ARU",382
"AUGUSTUS",1
"Abaga Gaheia Island",3
"Abrolhos Islands",4
"Aburatsubo",2
"Abutilon",7
"Abutilon Island",5
"Aceh Province",1
"Actaeon Island",9
"Adele",101
"Adele Island",581
"Admiral Island",121
"Admiralty Island",4
"Admiralty Islands",6
"Adolphus",174
"Adolphus Island",9
"Adonara",47
"Adonara Island",3
"Aeroplane Island",1
"Ah Chong",29
"Ah Chong Island",156
"Ahmed",1
"Aibinio Island",1
"Aiduma Island",1
"Air Bajo",4
"Air Terjun",10
"Airlie",23
"Airlie Island",5
"Aitutaki Island",2
"Akerstrom",6
"Albatross",2
"Albatross Island",19
"Albert Islands",95
"Alcatraz  (= Lumley)",3
"Alcester Island",2
"Alexander",19
"Alifushi",1
"Alkimos Reef",15
"Alkimos Wreck",1
"Alor",745
"Alpha",10
"Alpha Island",115
"Althorpe Islands",9
"Alven Island",1
"Amak Island",4
"Amami Oshima Island",1
"Amami-Oshima",2
"Ambavatoby Bay",6
"Ambon",44
"Ambon Island",265
"Ambrym",4
"Ameland",1
"Amelia",1
"Ami Island",1
"Amsterdam Island",18
"Anaa Atoll",2
"Anastasia Island",1
"Anchor",6
"Andaman",5
"Andamen Island",1
"Andavakalovo Island",8
"Andra Island",3
"Andros Island",1
"Angel",14
"Angel Island",517
"Angel Island, Dolphin Island",19
"Anggadi Island",5
"Angle",2
"Anilao",11
"Anjouan Island",2
"Ansel Island",1
"Ant Atoll",1
"Antipodes",1
"Anvil",22
"Apo Island",1
"Apolima Island",1
"Apostle",1
"Arch Rock",2
"Ardery Island",1
"Arguni Bay",1
"Armstrong Rocks",5
"Arros Island",1
"Arthur",10
"Arthur Island",3
"Aru",1
"Aru Island",12
"Ascension Island",13
"Ashburton",4
"Ashburton Island",2
"Ashburton Reef",2
"Ashmore Reef",108
"Ashmore Reef  (East)",34
"Ashmore Reef  (Middle)",30
"Ashmore Reef  (West)",28
"Ashmore Reef  (group)",15
"Aspatrin Island",1
"Astola Island",1
"Atauro Island",11
"Athol Island",1
"Aubusi Island",2
"Auckland Island",2
"Augulpelu Reef",1
"Augustus",452
"Augustus Island",325
"Aukena Is,Gambier Is",1
"Aunt",2
"Aunuu Island",3
"Avery Island",1
"Ayau Atoll",1
"Ayerabu Island",8
"BABBAGE",2
"BALI",782
"BANDA BESAR",1
"BANDA GROUP",7
"BANDA NAIRA",69
"BANDA NEIRA",9
"BANQUEY",1
"BARROW",16
"BATHURST",33
"BEAGLE ISLAND",1
"BIAK",6
"BIGGE",17
"BOONGAREE",52
"BORDA",1
"BORNEO",556
"BOULLANGER",1
"BURU",162
"Babaldaob Island",1
"Babbage",7
"Babbage Island",1
"Babel Island",3
"Babi Island",9
"Babi Ujong",2
"Back reef",1
"Bacuit Bay",65
"Badger Island",22
"Badger Island, Furneaux Group",1
"Badu Island",2
"Bag Island",1
"Bahama",2
"Bahrain Island",22
"Bainsim Island",1
"Bairakaseru Island",2
"Bait Reef",6
"Balabac Island",9
"Balabec Island",3
"Balabio Island",2
"Bald",238
"Bald Island",37
"Bald Rock",1
"Bali",278
"Bali Island",2
"Ballast Island",1
"Ballee",1
"Baluan Island",1
"Baluan Islands",1
"Bambu Islands",2
"Banana Island",1
"Banda",1
"Banda Besar",2
"Banda Neira",90
"Bandaneira",120
"Banggai Island",7
"Bangkalungan",1
"Bangkulu Island",10
"Barabac Island",1
"Barbados",1
"Bare Rock",6
"Barely",1
"Barr",1
"Barren Island",6
"Barrier",12
"Barrier Reef",249
"Barrier Reef, Ningaloo Reef",7
"Barron",1
"Barrow",1382
"Barrow Is",1
"Barrow Island",908
"Bartoleme Island",1
"Bartolome Island",1
"Basalt",2
"Basil",1
"Basilan Island",2
"Basildon Straits",1
"Basile",2
"Basile Island",2
"Basille Island",6
"Batan Island",1
"Batanes Island",2
"Batang Pele Island",47
"Batanos Island",1
"Batanta",16
"Batanta Island",107
"Bathurst",79
"Bathurst Island",43
"Batjan",7
"Batt Reef",3
"Battery Island",1
"Battery Island, Furneaux Group",1
"Batu",1
"Batu Hitam",1
"Batu Kapal Island",3
"Batu Kepal Island",8
"Batudaka Island",8
"Baudin",60
"Baudin Island",9
"Bavras Reef",1
"Bawah Island",2
"Bawe Island",1
"Bay Rocks",7
"Beacon",4
"Beacon  (Abrolhos)",15
"Beacon  (Lowendal Is)",3
"Beacon Island",515
"Beagle  (East)",14
"Beagle  (North-west)",11
"Beagle  (South-west)",5
"Beagle  (group)",1
"Beagle Island",64
"Beagle Island, Furneaux Group",1
"Beagle Reef",69
"Beaufortia",1
"Beaumont",1
"Bechevaise Island",1
"Beddora",1
"Bedford Island",101
"Bedout",80
"Bedout Island",123
"Bedwell",1
"Bedwell Island",601
"Belang Belang Island",3
"Belep Island",1
"Bellinger",35
"Ben",40
"Benga Island",1
"Bernier",320
"Bernier Island",472
"Bernouilli Island",65
"Berthier",38
"Berthier Island",69
"Bessieres",6
"Bessieres (Anchor) Island",41
"Bessieres Island",11
"Between tahuata and",1
"Bezout",3
"Bezout Island",3
"Biak Island",11
"Big Green Island",5
"Big Island",3
"Big Rat Island",2
"Big Sandy Island",8
"Big South Cape Island",2
"Big Wave Reef",1
"Bigge",422
"Bigge Island",214
"Bilau Island",3
"Bintan Island",195
"Biogu Island",2
"Bird",14
"Bird (Kimberley)",1
"Bird (Shoalwater Bay)",15
"Bird Island",8
"Bird Island South Africa",1
"Bird Island TAS",3
"Bird Island USA SC",1
"Bird Island, Venus Bay",1
"Bird Islands",2
"Birthday",1
"Black Island",2
"Black Islet",11
"Black Pyramid",3
"Black Pyramid Island",2
"Black Rocks",4
"Block Island",4
"Bloodwood",2
"Blue Hole",1
"Blue Holes Reef",13
"Blue Reef",2
"Blue holes Reef",1
"Blue holes reef",1
"Blue reef",1
"Bluebell",10
"Bluebell  (2nd islet to North)",1
"Bluebell  (4th islet to North)",1
"Bluebell (islet to South)",1
"Bluebell Island",72
"Bluff Point",1
"Bobog Island",4
"Bodgaya Island",25
"Bodgaya Island (Pulau Bodgaya)",24
"Bodgoya Island",4
"Bodie",1
"Bogiagia Island",10
"Bohaydulong  Island",90
"Bohol Island",15
"Boigu Island",1
"Bonaparte",33
"Bonin",5
"Bonin Island",1
"Booby",6
"Boodalan",3
"Boodie",28
"Boodie Island",18
"Boogies Island",31
"Booka Valley Rocks",130
"Boomerang",1
"Boomerang Island",1
"Boonelbah",1
"Boongaree",302
"Boongaree Island",75
"Bora Bora",1
"Bora Bora Island",1
"Borcher Island",1
"Borda",3
"Borda Island",11
"Borkum",1
"Borneo",119
"Borneo Island",3
"Boston Island",17
"Bougainville",666
"Bougainville Island",1
"Boughton Island",4
"Boullanger",45
"Boullanger Island",26
"Bournda Island",1
"Bowden Reef",4
"Bowen Island",50
"Boxer",9
"Brazen Island",1
"Brazendale Island",6
"Breaksea",26
"Breaksea Island",4
"Brecknock Island",61
"Bressay Island",4
"Bribie Island",10
"Bridled",14
"Bridled (2 islands North East)",1
"Brigadier",3
"Brigadier Island",96
"Brindle Island",1
"Bristow Island",33
"Britain",1
"Brooke",13
"Brooke Island",8
"Brothers Island",2
"Broughton",4
"Broughton Island",2
"Broulee",2
"Browse",3
"Browse Island",222
"Brunei Patch North",14
"Bruny",5
"Bruny Island",467
"Brush Island",1
"Buckle Head",45
"Buffon",15
"Buffon Island",9
"Buka  Island",2
"Bullanyin",1
"Buller",20
"Buller Island",1
"Bunaken Island",34
"Bundegi Reef",37
"Bundegi reef",5
"Burks Island",6
"Burnett  (1st islet to North)",2
"Burnett  (= Fin)",9
"Burnett & Mangrove Islands",18
"Burnett Island",45
"Burns Rock",8
"Burnside Island",59
"Burrup peninsula",6
"Burton",4
"Burton Island (nr)",6
"Buru",1
"Bush",1
"Bush Island",3
"Bushby",11
"Buttercup",2
"Buttercup Island",10
"Button",1
"Buyong Island",1
"Byam Martin",68
"Byam Martin Island",6
"Bynoe",25
"Bynoe (1st islet to West)",1
"Bynoe (2nd islet to West)",1
"Bynoe (3rd islet to West)",1
"Bynoe (islet to West)",1
"Bynoe Island",5
"Byron Island",1
"CAPSTAN",8
"CAREY",3
"CARLIA",5
"CASSINI ISLAND",1
"CENTRAL",9
"CERAM",187
"CHAMBERS",2
"CHRISTMAS",4
"COCKATOO",1
"CORONATION",5
"Caban Island",14
"Cabbage Tree",9
"Cabbage Tree Island",87
"Cabilao Island",1
"Cabra Island",2
"Cabulan Island",4
"Cadlao Island",4
"Caf Island",1
"Caffarelli",13
"Caffarelli Island",43
"Cagayan-Sulu Island",1
"Cagbule Reef",1
"Camp Island",6
"Campbell",2
"Campbell  (Abrolhos)",14
"Campbell  (Abrolhos) (is to S)",1
"Campbell  (Montebellos)",1
"Campbell Island",26
"Canal Rocks",3
"Candlemas Island",1
"Candlemas island",1
"Canning",7
"Cap Island",1
"Cape Barren Island",158
"Cape Hamelin  (islet)",2
"Cape Peron  (islet off)",3
"Cape Peron Flats",2
"Cape Romano",1
"Capstan",32
"Cargo Island",1
"Carlia",25
"Carnac",97
"Carnac Island",179
"Carnation (island to SW)",1
"Carola Cay",1
"Caroline Island",3
"Carrie Bow Cay",4
"Carronade",1
"Carronade Island",10
"Cartier",4
"Cartier Island",564
"Cascara Island",1
"Cassini",51
"Cassini Island",967
"Cassowary Island",12
"Castle Rock",6
"Castle Rock Reef",8
"Cat",5
"Cat Island",31
"Catanduanes Island",1
"Cathedral Rocks",23
"Cathedral Rocks  (Middle)",3
"Cato Island",2
"Cave",1
"Cebu",2
"Cebu Island",2
"Cenderawasih Bay",105
"Centre Island",476
"Ceram",1
"Ceram Island",40
"Cervantes",43
"Cervantes  (Middle)",16
"Cervantes  (North)",16
"Cervantes  (South)",15
"Cervantes Island",11
"Cervantes Islands",17
"Chambers Island",5
"Chambri Island",1
"Champagny",95
"Champagny Island",93
"Channel Island",7
"Chappell",10
"Chappell Island",7
"Charity Island",1
"Charity Reef",10
"Charley",20
"Charley Island",9
"Charlie",7
"Charlie  (islet 2 km Sth West)",2
"Charnley Island",1
"Charutu Island",1
"Chatham",27
"Chatham Island",14
"Chatham Island rise",1
"Cheyne",1
"Cheyne Island",1
"Chicken Reef",10
"Chilcott Island",18
"Chilcott Islet",2
"Chindonan Island",3
"Choiseul Island",1
"Christmas",534
"Christmas Island",5053
"Christmas Island (Pacific Ocean)",1
"Christmas Island?",1
"Churchill Reef",74
"Citadel I.",2
"Clara Island",10
"Clarion Island",1
"Clarke",2
"Clarke Island",337
"Clarke Island, Furneaux Group",13
"Cleghorn Island",21
"Clerke Reef",1432
"Cliff",1
"Cliff Head",11
"Cliff Island",1
"Clipperton Island",14
"Clune Rocks",1
"Cobbs Island",1
"Coche Island",1
"Cockatoo",11
"Cockatoo Island",182
"Cocos Island",4
"Cocos Islands",3
"Cocos/Keeling Island",1
"Cocos/Keeling Islands",1
"Coffin",28
"Coffin Island",3
"Cohen",8
"Cohen Island",66
"Colbert",67
"Colbert Island",30
"Collier Rocks",41
"Collier rocks",65
"Colombo Shoals",3
"Com Harbour",4
"Com Vailovaia",2
"Combe Island",2
"Comerong Island",47
"Commerson",1
"Condillac",2
"Condillac Island",150
"Conflict Group",1
"Connor Island",1
"Conzinc",19
"Conzinc Island",72
"Cook Island",2
"Cook Island Aquatic Reserve",1
"Coombe",1
"Coombe Island",1
"Corbett",8
"Coringa Islet",6
"Cormorant",2
"Corneille",47
"Corneille Island",95
"Coronation",299
"Coronation  (1st islet NE)",2
"Coronation  (2nd islet NE)",2
"Coronation  (= Burton)",9
"Coronation Island",115
"Corrie Island",1
"Cow Island",2
"Craggy",6
"Crake",10
"Crayfish Island",2
"Crayfish Rock",7
"Craypot Reef",7
"Credlin Reef",6
"Creery",3
"Cri Island",1
"Crocus",4
"Crocus  (islet to East)",2
"Crocus Island",3
"Crocus/hermite Island",1
"Croker Island",5
"Crost Island",1
"Crusoe",2
"Crusoe Island",1
"Culeenup",44
"Culeenup Island",4
"Culion Island",17
"Cull",7
"Cull Island",24
"Cunningham Island",7
"Curacao",1
"Curieuse Island",1
"Curtis",2
"Curtis Island",5
"Cuyo Island",6
"Cynthia Island",1
"DIRK HARTOG",10
"DOLPHIN",1
"DORRE",8
"D`Arcy Island",23
"Dahlia",2
"Dahlia  (islet to West)",1
"Dai-Koku",50
"Daisey Island",31
"Dakin",9
"Dakin Island",4
"Dalopo Island",11
"Dampier Island",340
"Dandelion",2
"Dangar Island",1
"Daphne Minor Island",1
"Daracoton",2
"Darcy",89
"Darnaby Island",2
"Darnely Island",1
"Darnley",1
"Darnley (Erub) Island",14
"Darnley isand",1
"Daru",11
"Daru Island",143
"Dassen Island",2
"Davies Reef",51
"Davis",14
"Daw",40
"Daw Island",1
"Dayang Island",8
"De Freycinet Island",3
"Deal Island",122
"Deal Island, Kent Group",6
"Deception",2
"Deer Island",4
"Degerando",3
"Delambre",4
"Delambre Island",356
"Deli",3
"Delpeldep Island",1
"Delta",5
"Delta Island",3
"Demasa Island",2
"Demta Island",4
"Dent Island",20
"Depeldep Island",1
"Depeldet Island",4
"Depuch",41
"Depuch (Warmalana) Island",16
"Depuch Island",6
"Descartes",45
"Descartes Island",9
"Diamond Islet",2
"Dibuluan Island",1
"Dick",1
"Dick`s Island",6
"Dicks",15
"Dicks Island",31
"Dicky Burton",1
"Dilumacad Island",9
"Dingville Island",4
"Direction",2
"Direction Island",330
"Dirk Hartog",362
"Dirk Hartog Island",457
"Disappearing Island",1
"Disappointment Island",12
"Diver",4
"Dixon",4
"Djonu",1
"Doc Can Island",9
"Doc can Island",4
"Dodd Rock",5
"Dokmai Island",1
"Dololarog Reef",2
"Dolphin",138
"Dolphin Island",688
"Don",14
"Don Island",4
"Doole",35
"Doole  (island to West)",2
"Doole  (islet to South West)",1
"Dorre",129
"Dorre Island",423
"Dot Can Island",1
"Double",16
"Double  (? which one)",5
"Double  (Shark Bay)",8
"Double  North  (Barrow)",4
"Double  South  (Barrow)",9
"Double Island",13
"Doubtful",3
"Doubtful Island",19
"Doubtful Islands",3
"Doughboy Island",6
"Douglas",3
"Dove",2
"Dowe Island",1
"Dramai Island",1
"Dravuni Island",4
"Drummond Rock",6
"Dry",8
"Dry Lump",53
"Dry Lump, W. of",3
"Du Rowa",1
"Du Rowa Island",1
"Duck Rock",15
"Duke of York Island",2
"Duke of York Islands",2
"Dunk",1
"Dunk Island",15
"Durai Island",4
"Dyer",19
"Dyer Island",4
"Dyer's Island",1
"E Morotai Island",1
"E of",3
"EAST",1
"EAST MONTALIVET",1
"EAST TIMOR",16
"Eagle",8
"Eagle Hawk",14
"Eagle Island",6
"Eaglehawk",4
"Eaglehawk Island",128
"East",7
"East Ern Island",1
"East Goodwyn",3
"East Intercourse",1
"East Intercourse Island",27
"East Island",150
"East Islet",5
"East Lewis Island",175
"East Lion Island",2
"East Loikere",1
"East Mauwara Island",5
"East Mid Intercourse Island",12
"East Montalivet",56
"East Montalivet Island",165
"East Montelivet Island",31
"East Pulau Pakal",3
"East Sabut",16
"East Vernon Island",1
"East Wallabi",126
"East Wallabi (islet nr.jetty)",1
"East Wallabi Island",91
"East and West Lewis Island",2
"Easter Group",22
"Easter Island",5
"Easter group",29
"Eastern",10
"Eastern Island",14
"Eclipse",210
"Eclipse Hill Island",5
"Eclipse Island",14
"Edward Island",1
"Edwards",18
"Efate",1
"Efate Island",13
"Efate island",1
"Egeron St",1
"Egg",2
"Egg  (= Tetrodon)",9
"Egg Island",1
"Egg Islands",4
"Egmont Key",1
"Egret",1
"Eiao Island",2
"Eight",11
"El Nido",9
"Elcho Island",17
"Elizabeth Wreck",5
"Elizabeth reef",1
"Elliot Island",2
"Ellis",1
"Elphick Nob",11
"Elphick Nob Island",3
"Elsie",3
"Emae Island",2
"Emau Island",6
"Enderbury Atoll",3
"Enderby",35
"Enderby  Island",110
"Enderby Island",957
"Enderby Island NZ",41
"Enggano Island",1
"Entrance Island",81
"Epsilon Island",10
"Epsilson Island",19
"Equator Islands",1
"Erergon Sts",1
"Erith Island",2
"Escape",36
"Escape Island",151
"Espiritu Santo Island",14
"Essex Rocks",43
"Essex Rocks  (Middle)",15
"Essex Rocks  (North)",12
"Essex Rocks  (South)",7
"Ete Asa Lepek",1
"Eva",5
"Evans Island",3
"Evelyn",40
"Evening reef",1
"Exmouth",1
"Exmouth Gulf area",1
"FIslandherman Island",1
"FLORES",764
"FORTESCUE",2
"Fairfax Islands",5
"Fairy Tern (Montebellos)",4
"Fak Fak Island",1
"Fam Island",32
"Fam Islands",55
"Far",1
"Far Island",1
"Fatu Hiva Island",3
"Fatu hiva Island",1
"Faure",83
"Faure Island",15
"Favorite",35
"Favorite Island",94
"Favourite Island",1
"Fefan Island",1
"Fench Island",3
"Fenelon",59
"Fenelon Island",71
"Fergusson Island",32
"Fernandina Island",1
"Fibacet Island",3
"Figure of Eight",16
"Figure of Eight Island",8
"Fiha Lhohi",1
"Fiji",1
"Filfla Islet",1
"Filio Lhohi",1
"Fin (burnetts) Island",2
"Finucane",5
"Finucane Island",10
"Fire Dreaming Island",1
"First Rock",1
"First Sister",5
"First Sister islet 2 to North",3
"First Sister islet 3 to North",4
"Fisher Island",1
"Fisher Island, Furneaux Group",1
"Fisherman",11
"Fisherman  (North)",22
"Fisherman  (South)",19
"Fisherman Island",106
"Fitzroy Reef",2
"Flag",5
"Flag Island",1
"Flag island",1
"Flat",2
"Flat Island",20
"Flat Rock",7
"Fletcher Island",5
"Flinders",53
"Flinders Isalnd",1
"Flinders Island",1203
"Flinders Island (SA)",6
"Flinders Island (Tas)",562
"Flores",598
"Florida Island",13
"Fly Island",26
"Flying Fox Island",37
"Foale",2
"Foales Island",22
"Ford",1
"Forrest",15
"Forrest Island",5
"Forsyth Island, Furneaux Group",1
"Forsythe Island",1
"Fortescue",5
"Fortescue Island",1
"Fossil Island",2
"Foster Island",12
"Foula Island",2
"Foxglove",1
"Franklin",2
"Franklin Islands",2
"Fraser",10
"Fraser Island",16
"Frazer",6
"Frazer Island",14
"Frederick",5
"Frederick Hendrik Island",1
"Frederick Island",24
"Free",1
"Fremantle",2
"French Island",4
"Freycinet",53
"Freycinet Island",6
"Friday",14
"Fumi",2
"Fungid Reef",4
"GIBBINGS",16
"GOOSE",1
"GUN",1
"Gabba Island",1
"Gabo",1
"Gabo Island",45
"Gabwina Island",1
"Gaffin Island",1
"Gag",235
"Gag Island",1
"Gagg Island",9
"Galang",1
"Galoc Island",33
"Gam Island",76
"Gam Islands",1
"Gamumu Island",1
"Gannet",1
"Gannet  (islet to North)",1
"Gannet Island",2
"Gannet Island and Delta Island",3
"Garden",273
"Garden Island",507
"Garden Island (North)",21
"Garden Island (South)",11
"Garden Island North",1
"Garden Island WA",14
"Gardenia",6
"Gardiner Island",9
"Garove Island",13
"Garry Island",1
"Garua Island",4
"Gaya Island",22
"Gaya Island (Pulau Gaya)",31
"Gaze",1
"Gaze  (islet to South)",1
"Gebi",1
"Geordie Bay  (stack in Bay)",1
"George",1
"George Rocks",11
"Gibbings",21
"Gibbings Island",2
"Gibbings Reefs",18
"Gibson",6
"Gibson  (North Islet)",1
"Gibson  (South Islet)",2
"Gidley",5
"Gidley Island",135
"Gigantes",1
"Gilbert",15
"Gilbert  (islet to North West)",1
"Gilbert  (islet to South West)",3
"Gilbert Island",7
"Giles Island",2
"Girt Island",2
"Glauert",27
"Glauert Island",1
"Glennie",1
"Glomar Shoal",5
"Gloucester Island",9
"Gnandaroo",2
"Goat",1
"Goat Island",2
"Gomumu Island",4
"Goodenough Island",37
"Goodwyn",8
"Goodwyn  (islet to South West)",1
"Goodwyn Island",364
"Goose",32
"Goose Island",1
"Gosem Island",3
"Goss Island",11
"Gossypium",4
"Gough Island",5
"Graham Moore",1
"Grand Cayman Island",1
"Grand Terre",20
"Grande Comore",1
"Grande Comore Island",1
"Grande Terre",4
"Granite Island",10
"Grassy Island",1
"Gray",26
"Great Astrolabe Reef",4
"Great Barrier Reef",4
"Great Dog (Big Dog) Island",2
"Great Exuma",1
"Great Glennie I.",1
"Great Glennie Island",7
"Great Keppel",2
"Great Keppel Island",2
"Great Sandy",18
"Green",50
"Green  (Oyster Harbour)",7
"Green  (Rottnest)",10
"Green  (nearby stack)",1
"Green Island",83
"Green Island (NSW)",2
"Green Island SA",1
"Green Island WA",3
"Green Islands",8
"Green Islets",1
"Green Islets  (North)",11
"Green Islets  (South)",12
"Green head",1
"Greenland",2
"Greenly Island",2
"Gregory",11
"Gregory Island",38
"Gregory Island (Tide Rip Islands)",71
"Grenada Island",1
"Gretek",1
"Grevillea",1
"Grey Island",27
"Griend",3
"Griffiths Island",7
"Grimsey Island",4
"Groote Eylandt",4
"Grose Island",2
"Guadalcanal",8
"Guadalcanal Island",27
"Guam",13
"Gulch",40
"Gulf of Tomini",1
"Gull",5
"Gull Island",11
"Gull Island Wales",2
"Gull Rock  (King George Sound)",10
"Gull Rock  (Shoalwater Bay)",1
"Gun",71
"Gun Island",127
"Gun islet adjacent (Sth end)",1
"Gunton",1
"Gunton Island",9
"Gunung Api Island",1
"Guy Reid",2
"HIDDEN",44
"HORSBURGH",4
"Ha'ateiho",11
"Hachijo-jima Island",2
"Hacklan Island",1
"Hagan",3
"Hahajima",1
"Hainan Island",1
"Hale Island",54
"Half Moon Reef",3
"Hall",3
"Halmahera",4
"Halmahera Island",5
"Hamelin",29
"Hamelin Island",5
"Hamersley Shoal",57
"Hamersley shoal",117
"Hamilton",4
"Hanna Island",1
"Hantu Island (Pulau Hantu)",1
"Haraku Island",2
"Harat Island",1
"Harlequin",8
"Harriet Island",1
"Harsens Island",3
"Haruku Island",4
"Haszard Island",1
"Hauy",27
"Hauy Island",228
"Havelock Island",17
"Hawaii County",1
"Hawkesbury",1
"Haycock",2
"Hayman Island",6
"Heard",74
"Heard Island",288
"Hecla",1
"Hedley",38
"Hedley Island",34
"Heirisson Island",1
"Helgoland Island",2
"Helms",15
"Helms  (islet 1 to South West)",2
"Helms  (islet 2 to South West)",5
"Helms  (islet 3 to South West)",2
"Helsinki",6
"Helsinki Island",8
"Hen",1
"Henderson Island",1
"Henning Island",1
"Hera",1
"Herald Cays, Northeast Cay",1
"Herald Cays, Southeast Cay",1
"Herald Cays, Southwest Cay",1
"Heritage Reef",53
"Herm",1
"Hermit Island",2
"Hermite",112
"Hermite Island",521
"Hermite Island, Buttercup Island",2
"Heron Island",107
"Heywood",80
"Heywood Island",1
"Hibbertia",2
"Hibernia Reef",282
"Hibiscus",1
"Hidden",63
"Hidden Island",29
"High",3
"High Cliffy",1
"High Cliffy Island",3
"High Island",1
"High Point Island",2
"Hilapuna",11
"Hinchenbrook Island",4
"Hinchinbrook Island",1
"Hindmarsh",3
"Hindmarsh Island",4
"Hispaniola",21
"Hispaniola Island",2
"Hiva Oa",1
"Hog Island",1
"Hoga Island",29
"Hokkaido",150
"Hokkaido Island",1
"Hollyhock",1
"Hollyhock Island",3
"Holy Island",1
"Home (Pulu Selma) Island",92
"Home Island",4
"Hong Kong Island",3
"Honshu",346
"Honshu Island",13
"Hood",8
"Hop Island",2
"Hope",17
"Hope Island",25
"Hope Islands",3
"Hope Reef",4
"Hopeless Reach",2
"Horsburgh Island",371
"Hosburgh Island",4
"Hoskyn Islands",6
"Howe Island",1
"Howland",1
"Hoy",1
"Hugg Island",34
"Hull",20
"Hummock",11
"Hummock Island",56
"Humpy Island",2
"Hunter Island",12
"Hunter River  (islet)",1
"Hut",2
"I del espiritu santo",2
"IRIAN JAYA",112
"IRVINE",40
"Iceland",48
"Ile Ouen",1
"Ile Sainte-Marie",114
"Ile aux Nattes",7
"Ilha Anchieta",1
"Imorigue Channel",3
"Imorigue Island",5
"Imperieuse Reef",609
"Imperieuse reef",1
"Inaccessible Island",1
"Indian Island",2
"Inhaca Island",2
"Inner Gneerings Reef",1
"Inner Island",1
"Insadu Reef",1
"Inshore",15
"Inshore Reef",1
"Intercourse Island",4
"Ipoteto Island",1
"Irai Island",32
"Iredale Island",78
"Ireland",22
"Iriomote Island",1
"Iriomote Islands",1
"Iris Refuge",3
"Iron",1
"Irvine",122
"Irvine Island",70
"Irvine Island, Bathurst Island",1
"Irwin Reef",42
"Irwin Reef, Outside",24
"Isabella Island",3
"Ishigaki Island",1
"Isla Esteves",1
"Isla Farallon",1
"Isla Fernandina",1
"Isla Gordon",2
"Isla Grande",8
"Isla Grande de Tierra del Fuego",6
"Isla Guadalupe",2
"Isla Hoste",54
"Isla Isabela",1
"Isla Isabella",1
"Isla Lennox",6
"Isla Major",5
"Isla Montpatre",1
"Isla Navarino",31
"Isla Pajaros",1
"Isla Pictón",6
"Isla San Jose",1
"Isla San Pedro Martir",1
"Isla Santa Cruz",2
"Isla Uva",1
"Isla des Pins",1
"Isla du Sepulcre",1
"Isla el Rey",1
"Islae Diabole",1
"Island in East Arm",2
"Island of Sluthness",1
"Island of Thaut",1
"Island of the Dead",9
"Isle Anglais",3
"Isle Anglaise",10
"Isle Boddam",6
"Isle Diabola",9
"Isle Du Cain",5
"Isle Du Coin",7
"Isle Fouquet",2
"Isle Mapou",1
"Isle Mapua",3
"Isle Nge (?)",1
"Isle Poule",11
"Isle de la Passa",2
"Isle of Jura",1
"Isle of Man",1
"Ivy",6
"Ivy  (islet to ESE)",1
"Iwo Jima",1
"Izu Island",1
"JAVA",1066
"JULIA PERCY",1
"Jack Reef",54
"Jackson",23
"Jackson Island",64
"Jaco Island",17
"Jako Island",2
"Jalun Island",1
"Jamaica",8
"Jamieson Reef",11
"Jana Island",2
"Jar Island",72
"Jarman",9
"Java",76
"Java Island",3
"Jayapura",1
"Jeegarnyeejip",7
"Jef Tsiep",2
"Jefman Island",1
"Jemaja Island",13
"Joan Rock  (Rottnest)",4
"Joe Smith",5
"John Island",32
"Jon Jim",11
"Jones",24
"Jones Island",127
"Ju Island",25
"Julia Rocks",27
"Jungulu",175
"Jungulu Island",50
"Jussieu Island",11
"KAI BESAR",345
"KAI KECIL",10
"KALONG",1
"KANGAROO ISLAND",1
"KINGFISHER",61
"KISAR",36
"KOMODO",53
"KOOLAN",29
"KRAKATAU",117
"Kabaena Island",1
"Kai",2
"Kai Besar",272
"Kai Dulah",1
"Kai Dulah Island",8
"Kai Island",11
"Kai dulah Island",1
"Kajoa Island",5
"Kakaban Island",73
"Kakara lam Island",1
"Kalang Anyar",1
"Kanari Island",6
"Kangaroo",25
"Kangaroo  (islet to South)",4
"Kangaroo Island",55
"Kangaroo Island NT",1
"Kangaroo Island SA",1325
"Kanton Atoll",20
"Kanton Island",1
"Kapingamarangi Attol",1
"Kapiti Island",1
"Kar Kar Island",2
"Karang Utara Ronde",9
"Karang Woi",5
"Karimundajawa Island",1
"Karkar Island",1
"Karri Islands",1
"Karuku Island",2
"Kasa Island",8
"Katarina Island",1
"Katers",185
"Katers Island",46
"Kathleen Island",3
"Katir island",1
"Kau Sai Island",1
"Kavibanglik Island",1
"Kawau",14
"Kawau Island",32
"Kawe Island",37
"Kawe Islands",4
"Kayao Island",1
"Keast",15
"Keast Island",159
"Kecil Island",1
"Kei Besar Island",12
"Kembongan Island",1
"Kenau Island",1
"Kendrew",17
"Kendrew Island",1521
"Keppel Island",5
"Keppel Isles",1
"Kerama Island",1
"Keramut Island",7
"Keraudren",68
"Keraudren Island",2
"Kerguelen",24
"Kerguelen Island",12
"Kermadec",4
"Keru",22
"Keruo Island",5
"Key Biscayne",1
"Kg Ihamahu",1
"Kg Nalahia",1
"Kg morela",1
"Kianya Island",3
"Kidney",11
"Kidney Island",2
"Kiemboni Island",1
"Killerton (Bouroda) Island",39
"Kimbe Island",27
"King",3
"King George Sound",1
"King Hall",34
"King Hall Island",4
"King Hall Island, Admiral Island",30
"King Island",679
"Kingcup",1
"Kingcup Island",1
"Kingfisher",48
"Kingfisher Island",100
"Kings",3
"Kingsmill Island",3
"Kingston Reefs",9
"Kinkasan Island",3
"Kisar",73
"Klah Islands",1
"Klides Island",1
"Knirps (Dot) Island",5
"Ko Adang",1
"Ko Chi",4
"Ko Island",23
"Ko Lan",3
"Ko Lan (Ko Island)",1
"Ko Lan (Lan Island)",1
"Ko My Thon",1
"Ko Si Chang (Si Chang Island)",2
"Kobroor Island",21
"Kodingareng lompo Island",1
"Kofiau Island",8
"Koi Island",1
"Koks",11
"Koks Island",74
"Kolofo'ou",1
"Kolombangara Island",3
"Komba Island",3
"Komodo",112
"Komodo Island",35
"Koolan",254
"Koolan Island",191
"Koon Island",11
"Kooragang Island",29
"Korcula Island",1
"Korolevu Island",1
"Koror",1
"Koror Island",10
"Kota kinabalu",2
"Krakatau Island",2
"Kranket Island",43
"Kri Island",56
"Kuala Trengganu",3
"Kumu Island",2
"Kunashir Island",1
"Kur Island",1
"Kurahashi Jima Island",1
"Kuril Islands",1
"Kuroshima Island",2
"Kwajalein Atoll",1
"Kwato Island",4
"Kwatota Island",3
"Kyushi",1
"LACHLAN",53
"LEMBATA",319
"LLanddwyn Island",1
"LOMBOK",2030
"LONG",39
"La Grange",2
"La Palma Island",1
"Labu Island",2
"Labuan",1
"Labuan Olendir",1
"Lacepede  (East)",7
"Lacepede  (Middle)",88
"Lacepede  (Sandy)",8
"Lacepede  (West)",98
"Lacepede Island",3
"Lacepede Islands",5
"Lachlan",88
"Lachlan Island",14
"Lacklan Island",1
"Lacrosse",33
"Lacrosse Island",42
"Lacy Island",4
"Lady Elliot Island",6
"Lady Island",1
"Lady Julia Percy",3
"Lady Julia Percy Island",2
"Lady Musgrave Island",9
"Lady Nora",7
"Lady Nora Island",43
"Lady Norah Island",4
"Lafontaine",33
"Lafontaine Island",56
"Laganak Island",1
"Lagen Island",1
"Lagoon",8
"Lagrange",2
"Lagrange Island",18
"Lakandava Island",10
"Lamarck",3
"Lamarck Island",10
"Lamark Island",25
"Laminusa Island",3
"Laminusa-Siasi Island",3
"Lancelin",86
"Lancelin Island",159
"Langford Island",1
"Langkawi Island (Pulau Langkawi)",2
"Lanzarote Island",1
"Laoy Island",3
"Laplace Island",3
"Large",1
"Latham Island",1
"Lauangi Island",40
"Layang Layang Atoll",1
"Lefebre",1
"Lefebre Island",4
"Legendre",107
"Legendre Island",782
"Lembata",361
"Lembeh Strait",2
"Lembongan",23
"Lembu Island (Pulau Lembu)",3
"Lemus & Tsoi-Lik Islands",3
"Lemus Island",2
"Leo",58
"Leo  (islet to East)",2
"Leo  (islet to North)",3
"Leo Island",42
"Leonie Island",50
"Leper Island",33
"Lesser Sunda Island",2
"Lesser Sunda Islands",1
"Lesueur",3
"Lesueur Island",99
"Lewis",15
"Lewis Island",62
"Lifuka Island",1
"Lighthouse Reef",1
"Lindeman Island",1
"Lindemann Island",1
"Lingga",2
"Lion",7
"Lion Island",16
"Lion island",1
"Lipfert",9
"Little",2
"Little Barrier Island",1
"Little Black Island",1
"Little Chalky Island",1
"Little Dog Island",7
"Little Dog Island, Furneaux Group",1
"Little Green Island",2
"Little Hope Island",1
"Little Island",22
"Little North",20
"Little North Island",10
"Little Pigeon",7
"Little Pigeon Island",3
"Little Rat",17
"Little Rocky",3
"Little Rocky Island",3
"Little Roma",4
"Little Turi Island",3
"Little Turtle Island",2
"Little Woody Island",3
"Little north Island",2
"Liudewan Island",1
"Lizard Island",314
"Llewellyn Reef",1
"Locker",6
"Locker Island",71
"Lockyer Island",1
"Loikere Com",9
"Loloata Island",1
"Lombok",206
"Long",92
"Long  (Abrolhos)",28
"Long  (Abrolhos)(islet to Nth)",1
"Long  (Passage Group)",6
"Long  (Recherche)",2
"Long Island",815
"Long Reef",256
"Lons Reef",1
"Loochoo",4
"Loochoos Island",2
"Lopez",1
"Lord Howe",8
"Lord Howe Island",3018
"Lord Island",26
"Lord Island, Byron Island",42
"Lord and Byron Islands",28
"Lord howe Island",2
"Lord island",1
"Lorraine",9
"Los Island",24
"Los Negros Island",312
"Louis Island",39
"Louis Islands",1
"Low",1
"Low Island",27
"Low Isles",6
"Low Islets",1
"Low Rocks",26
"Lowendal",20
"Lowendal Island",9
"Lowendall Island",1
"Loyalty Island",1
"Lubang Island",1
"Lucus Island",41
"Luk Luk Island",5
"Lulim Island",5
"Luzon",5
"Luzon Island",1
"MADURA",118
"MAGNETIC",1
"MAJANE",10
"MARGARET",29
"MARY",17
"MIDDLE",3
"MIDDLE OSBORN",4
"MOYO",132
"Maatsuyker Island",2
"Mabini Island",2
"Mably",1
"Mabuiag (Jervis) Island",2
"MacKenzie",9
"MacLeay",14
"Macau Island",5
"Macedon Wrecksite",4
"Machchafushi Island",1
"Mackerel Island",2
"Macleay",6
"Macleay Island",123
"Macquarie",10
"Macquarie Island",2450
"Mactan Island",6
"Madagascar",272
"Madagascar Island",1
"Madang Harbour",1
"Madeleine Shoals",35
"Magdelaine Cay",1
"Magdelaine Cays, Southeast Cay",3
"Magnet reef",5
"Magnetic",5
"Magnetic Island",75
"Magueyes Island",4
"Magusaiai",5
"Mahaena",1
"Mahe Island",10
"Maikoor",2
"Main Island",13
"Main outer reef",1
"Mainland",9
"Makailu Island",19
"Makira Island",9
"Malaita Island",18
"Malakal Island",3
"Malan Pana Island",8
"Malanipa Island",13
"Malau Paina Island",1
"Malaupaina Island",57
"Malaupina Island",27
"Malby Island",2
"Malcolm Island",153
"Malden Island",5
"Malekula",147
"Malgas Island",2
"Mali Island",2
"Malinipa Island",2
"Malolo Lailai Island",5
"Malpelo Island",24
"Malus",17
"Malus Island",405
"Mamutik Island",35
"Manama Island",9
"Manatuto",11
"Manawoka",2
"Mandah Island",1
"Mandariau Laut Island",1
"Mandrain Island",1
"Mangrove Island",3
"Mangrove Islands",17
"Manguni",1
"Manipa Island",1
"Mannes Island",1
"Manokwari",4
"Manra Atoll",8
"Mansuar Island",10
"Mansuar Islands",1
"Mantabaun Island (Pulau Mantabuan)",2
"Mantabuan Island",32
"Manuabada Island",1
"Manukan Island",90
"Manukan Island (Pulau Manukan)",33
"Manus Island",37
"Marakei Island",3
"Maratua Island",1
"Maratui Island",6
"Marchena Island",2
"Marco Island",1
"Mardie",9
"Maret",1
"Margaret",14
"Margaria Reef",16
"Maria",2
"Maria Island",76
"Marian",1
"Marie Island",1
"Marinula",5
"Marinula (islet to North East)",4
"Marion Island",4
"Marmion Lagoon",2
"Marndungum Island",2
"Marshall Island",1
"Mart",4
"Mart Islands",6
"Marts Group",1
"Marumbi Island",9
"Mary",95
"Mary Ann Island",1
"Mary Anne",10
"Mary Anne  (Pilbara)",6
"Mary Anne  (Shark Bay)",10
"Mary Anne Reef",2
"Mary Island",7
"Mary Island North",57
"Maskali Island",1
"Massas Island",27
"Mast Head Island",1
"Masthead Island",2
"Matan Island",1
"Matinloc Island",9
"Maui Island",1
"Mauke Island",2
"Mauritius",41
"Mauritius Island",13
"Mawby",7
"Mawby Island",1
"Mayor (Tuhua) Island",3
"Mayotte Island",1
"McBaynes Island",1
"McCulloch",3
"McDonald Island",29
"Meade",24
"Medusa Banks",1
"Meeyip",4
"Melomys",1
"Melomys Island",2
"Melville",2
"Melville Island",927
"Menjangan Island",13
"Merah",6
"Mermaid Island",69
"Mermaid Reef",1159
"Mewstone Rock",3
"Meyer Islet",1
"Miatkari Island",3
"Michaelmas",25
"Michaelmas Island",33
"Michaelmas Reef",1
"Michaelmas reef",2
"Michealmas Island",1
"Mictyis Island",3
"Middle",156
"Middle  (Abrolhos)",12
"Middle  (Barrow)",13
"Middle  (Recherche)",7
"Middle Banks",2
"Middle Essex",3
"Middle Gull Island",1
"Middle Island",495
"Middle Islet",1
"Middle Mangrove",1
"Middle Mangrove Island",8
"Middle Mary Anne",1
"Middle Osborn",310
"Middle Osborn Island",84
"Middle Osborne",14
"Middle Passage",2
"Middle Reef",56
"Middle Willis Island",1
"Mildura Reef",1
"Mildura Reef (Wreck)",35
"Milibog Island",4
"Mill",1
"Milligan",10
"Mindanao",1
"Mindanao Island",1
"Mindora",1
"Mindoro Island",8
"Miniloc Island",14
"Minnieritchie Islands",1
"Minolo Bay",1
"Minolo bay",5
"Mios Kon Island",19
"Miosba Island",9
"Miosging",1
"Mirrie Island, Fog Bay",1
"Misali Island",1
"Misima Island",16
"Misool",34
"Misool Island",118
"Mistaken",20
"Mistaken Island",46
"Mitak Island",4
"Mitsio Island",1
"Mituwat",1
"Moa Island",24
"Moko Hinan Island",1
"Molema Island",7
"Molloy Island",2
"Moluccas",1
"Mona Island",6
"Monday Rock  (Rottnest)",4
"Mondrain",245
"Mondrain Island",119
"Monettes Isles",2
"Monge Island",38
"Monkey Island",29
"Monkey Rock",73
"Monsmont",5
"Montague",1
"Montague Island",137
"Montesquieu Island",1
"Montgomery",1
"Montgomery Island",16
"Montgomery Island, Montgomery Reef",264
"Montgomery Reef",424
"Montuosa Island",36
"Moon Boon Island",1
"Moon Island",17
"Moorea Island",4
"Moreton Island",5
"Morley",67
"Morley Island",37
"Morning Reef",43
"Morongo Reef",1
"Morotai",27
"Morotai Island",4
"Morris Island",1
"Morton Island",1
"Mosquito Island",1
"Moti Island",1
"Motupore (Motuhanua) Island",40
"Motupore Island",12
"Motutapu Island",1
"Mound Island",4
"Mount Chappell Island",7
"Moyo",156
"Muaras Island",1
"Mud",5
"Mud (Bungumba) Island",5
"Mud Island",13
"Mud Islands",61
"Muela Island",2
"Muir Island",20
"Muiron",8
"Muiron Island, Channel Reef",26
"Muiron Islands",12
"Mulan Lalo Island",2
"Mulgudna",3
"Mulgudna Island",5
"Mundy Island",9
"Muniara Island",13
"Murray",34
"Murray (Mer) Island",20
"Musazango Island",1
"Muschu Island",1
"Musha Island",1
"Mushroom",9
"Mustang Island",2
"Mustika Island",2
"Mutton Bird Island",13
"Muttonbird Island",4
"Mutus Island",3
"Myers",6
"Myres  (Lawley River)",1
"Myres Island",10
"N of",2
"NIAS",134
"NORTH",2
"NORTH MARET",1
"NORTH MOLUCCAS",2
"NORTHWEST",3
"NW Batanta Island",2
"NW Cape",1
"NW MOLEMA",43
"NW Molema",30
"NW Tajandu Island",3
"NW end Legendre Island",1
"NW of",2
"Nalanga Island",11
"Namatote Island",2
"Namena Island",5
"Nampale Island",3
"Namuka Island",17
"Namwaan Island",3
"Narborough Island",1
"Narcondam Island",20
"Nares",16
"Nares Island",1
"Naskali Island",1
"Naso Island",1
"Natfi Island",3
"Naturalist",1
"Naturalists Island",11
"Naua Island",21
"Nauru Island",5
"Ndana",6
"Negros",2
"Negros Oriental",1
"Neira",1
"Nelson Rocks",69
"Nepean Island",8
"Nepi Island",1
"New Britain",350
"New Britain Island",7
"New Caledonia",7
"New Georgia Island",11
"New Guinea",21089
"New Guinea Island",1
"New Hanover",1
"New Ireland",3
"New Island",6
"New Year",2
"New Year Island",2
"New year Island",1
"Newbold",3
"Newdegate",1
"Newfoundland Island",1
"Newman",12
"Newman Island",1
"Ngalanguru (High Cliffy) Island",41
"Ngalanguru Island",14
"Ngargol Island",2
"Ngaruangl Island",1
"Ngele'ia",1
"Ngerameayus Island",2
"Ngermeaus Island",1
"Ngeruktabel Island, SE",4
"Nggela Sule (Florida Island)",1
"Nglemis Bay",1
"Nglemis Island",1
"Nias",25
"Nightingale",1
"Nightingale Island",5
"Nikumaroro Atoll",9
"Nimbota Island",1
"Ningaloo Reef",3030
"Ningau Island",1
"Ninth Island",3
"Nirimba Cay  (Peel Inlet)",2
"Niue Island",7
"No. 1 Island",1
"No. 2 Island",3
"Noapoi Island",2
"Nook",2
"Noon Reef",1
"Norfolk",9
"Norfolk Island",698
"Norman Island",25
"Normanby Island",29
"North",95
"North  (Abrolhos)",9
"North Barnard",1
"North Barnard Island",4
"North Bird Island",1
"North Boullanger",2
"North Bruny",1
"North Bruny Island",1
"North Button Island",6
"North Cinque Island",4
"North East",2
"North East Island",2
"North East Island (QLD)",2
"North East Regnard",3
"North East Twin",1
"North Essex Island",78
"North Fam Island",17
"North Fisherman",1
"North Fisherman Island",4
"North Gidley Island",12
"North Green",3
"North Guano",6
"North Guano  (islet to West)",1
"North Island",337
"North Island NZ",64
"North Kangaroo",3
"North Keeling",1
"North Keeling Atoll",62
"North Keeling Island",210
"North Keppel Island",12
"North Mangrove",1
"North Maret",97
"North Maret Island",74
"North Montalivet Island",1
"North Muiron",3
"North Muiron Island",150
"North Murion",1
"North Murion Island",14
"North Peron Island",1
"North Point",22
"North Point Reef",1
"North Rarotonga Island",1
"North Rat Island",1
"North Rock  (Garden Island)",1
"North Ronsard Rock",32
"North Sandy",21
"North Sandy  (islet adjacent)",1
"North Scott",47
"North Scott Reef",920
"North Slate Island",2
"North Solitary Island",13
"North Stradbroke",2
"North Stradbroke (Minjerriba) Island",7
"North Stradbroke Island",8
"North Tanjung Bobo",5
"North Tollgate Island",1
"North Turtle",18
"North Twin Peak",46
"North Twin Peak Island",10
"North Twin Peaks",2
"North Twin Peaks Island",3
"North West",7
"North West Island",30
"North West Reefs",9
"North West Shelf",1
"North West Solitary Island",45
"North West Vernon Island",21
"North keeling Island",5
"North-West Island",1
"Northeast Cay",6
"Northern Mariana Islands",1
"Nosy Anjombavola",4
"Nosy Ankarea",4
"Nosy Be",6
"Nosy Fisaka",21
"Nosy Foty",2
"Nosy Hao",36
"Nosy Hara",1
"Nosy Kisimany",13
"Nosy Manonoka",2
"Nosy Mitsio",1
"Nosy Sakatia",1
"Nosy Tanikely",11
"Nosy Tsarabanjina",21
"Nuakata Island",7
"Nuhu Rowa",4
"Nuhu Tjut",2
"Nuku Hiva",6
"Nuku Hiva Island",8
"Nuku hiva Island",1
"Nukuoro Atoll",6
"Nusa Kode",10
"Nusa Laut",3
"Nusa Laut Island",1
"Nusa Penida",232
"Nusa Pombo",1
"Nusa Ra Island",1
"Nusha Island",5
"Nusurumi Island",1
"Nymph Island",4
"OWII",4
"Oahu",1
"Oahu Island",4
"Obilatu Island",3
"Observation Island",4
"Observatory",2
"Ocean Island",1
"Ocean reef",7
"Oedjir Island",1
"Oeno Island",2
"Ogar Island",7
"Okenia Island",28
"Okinawa Island",6
"Okinawa Lynchu Island",1
"Old Reef",10
"Oliver Island",2
"One",24
"One Tree Island",27
"Ono-I-Lau",5
"Ono-I-Lau Island",1
"Orchid Island",2
"Orkney",1
"Orona Atoll",10
"Orontes Reef",6
"Orpheus Island",1
"Osborn",1
"Osborne",20
"Osborne Island",3
"Osborne Islands",3
"Oshima",1
"Oshima Island",1
"Osjak-Island",1
"Osprey",2
"Osprey (Tern) Islet",1
"Osprey Islet",26
"Oualan",1
"Outer",3
"Outer Reef",6
"Outram Island",2
"Ouvea Island",1
"Ovalau",2
"Owen",13
"Oyster Rock",1
"Oystercatcher",12
"P. Bodgaya",1
"P. Boheydylong",2
"PANTAR",138
"PELSAERT",1
"PENIDA",183
"PISANG",3
"POTTER",14
"PULAU DULLAH",4
"PULAU TINJIL",18
"PURRUNGKU",14
"Pacheca Island",7
"Packer",7
"Packer Island",46
"Padar Island",12
"Paddy Island",7
"Paddys Island",3
"Paeowa & Kranket Islands",1
"Paeowni Island",2
"Paget Island",2
"Pahat Island",4
"Pajara Island",5
"Palau",1
"Palau Island",4
"Palau Langkai",1
"Palau Sulug",1
"Palawan Island",5
"Palawan Islands",1
"Palfrey Island",3
"Palm Island",9
"Palmerston Island",1
"Palmyra Island",1
"Palsart Group",1
"Palu seribu",2
"Pamana Island",3
"Pana Voli Udi Island",1
"Panaete Island",1
"Panapompom Island",2
"Pangaimotu",37
"Panglao Island",6
"Pangulasian Island",5
"Pansy",3
"Pansy Island",31
"Pantar",171
"Pantar Island",25
"Papisol Bay",3
"Papisol Point",9
"Papisol Rock",1
"Parakeelya",11
"Parakeet Bay",1
"Paramushiro",1
"Paramushiz Island",1
"Pari Island",14
"Parmelia Bank",1
"Parrakeet",11
"Parry",2
"Parry Island",2
"Pasco",1
"Pasco  (near Barrow)",1
"Pasco Island",1
"Pascoe",3
"Pasir",18
"Pasley",1
"Passage",5
"Passage Island",15
"Passage Rock",1
"Patch Reef",1
"Patricia Island",3
"Pavuvu Island",3
"Payahi Bay",1
"Payne Island",3
"Peak Island",14
"Pearl Island",1
"Pebble Island",4
"Pechu Island",1
"Peck Island",1
"Pecked Island",1
"Pedra Branca",4
"Peel",4
"Peel Island",20
"Pef Island",17
"Peleng Island",36
"Peletin Island",1
"Pelican",35
"Pelican  (Abrolhos)",12
"Pelican  (Kimberley)",4
"Pelican  (Shark Bay)",25
"Pelican  (Wilson Inlet)",1
"Pelican Island",4
"Pelican Island NZ",1
"Pelican Island QLD",1
"Pelican Island SA",1
"Pelican Island TAS",3
"Pelican Island WA",1
"Pelorus Island",1
"Pelsaert",302
"Pelsaert (isl N of Big Lagoon)",2
"Pelsaert Island",243
"Pelsaert group",1
"Pelsart Group",33
"Pelsart Island",41
"Pelumpong Island",11
"Pemberton",1
"Pemuteran",1
"Penguin",119
"Penguin (islet to North West)",2
"Penguin Island",40
"Penguin Island WA",2
"Percy Island",1
"Perkins Island",1
"Peron Island",1
"Peron Peninsula",3
"Perth",4
"Philip Island",39
"Phillip",30
"Phillip Island",24
"Phillip Rock",4
"Phuket",26
"Phuket Island",20
"Piantai Island",6
"Pig Island",59
"Pigeon",13
"Pigeon Island",32
"Pik Island",1
"Pik/Krankel Island",1
"Pimlico Island",1
"Pinasil Island",8
"Pine Peak Island",5
"Pipon Island",1
"Piru bay",11
"Pisang Islands",8
"Pitcairn Island",8
"Plate",1
"Plover",7
"Plover Cove",1
"Pocillopora Reef",4
"Pohnpei",1
"Polillo",2
"Polillo Iisland",2
"Polillo Island",11
"Polillo Reef",2
"Pombo Island",4
"Poopoh",7
"Poor Knights Island",1
"Popolcan Island",1
"Porpoise Rock",1
"Port Hedland",3
"Port Macarthur Island",5
"Port Walcott",4
"Port walcott",14
"Post Office",15
"Post Office Island",27
"Postillon Island",3
"Potter",21
"Powerful",5
"Powerful Island",61
"Powerful Island, Survey Island",25
"Praiano",1
"Preservation Island",3
"Preservation Island, Furneaux Group",1
"Primrose",3
"Primrose (islet to North East)",1
"Primrose Island",15
"Prince Edward Island",1
"Prince Frederick Hbr",28
"Prince frederick har",1
"Prince of Wales Island",7
"Prison Island",36
"Proco",1
"Prohibited Islands",2
"Prud Hoe Island",31
"Prudhoe",1
"Prudhoe Island",8
"Puerto Rico",8
"Puerto Rico Island",17
"Puffin Island",2
"Pukapuka Atoll",2
"Pula we",7
"Pulan Manukan",1
"Pulau Adi",9
"Pulau Aidai",2
"Pulau Aiduma",16
"Pulau Ambasinsi",4
"Pulau Ambon",7
"Pulau Auri",1
"Pulau Awarawis",1
"Pulau Babi",2
"Pulau Babi Besar (Besar Island)",1
"Pulau Babi Hujong (Hujong Island)",2
"Pulau Barat",9
"Pulau Batuputih",3
"Pulau Besar",10
"Pulau Bohaydulong",1
"Pulau Boronusu",3
"Pulau Duroa",2
"Pulau Ekka",12
"Pulau Faukate",5
"Pulau Gifao",3
"Pulau Junkung",3
"Pulau Karawatu",6
"Pulau Kayoa",1
"Pulau Kode",1
"Pulau Kodingareng",1
"Pulau Kurkap",7
"Pulau Langkawi",9
"Pulau Lauzaro",2
"Pulau Lemon",9
"Pulau Lima",3
"Pulau Maiga",2
"Pulau Maikoor",1
"Pulau Malimba",1
"Pulau Mamutik",15
"Pulau Maria",12
"Pulau Mof",3
"Pulau Momon",2
"Pulau Namwaan",1
"Pulau Nutabari",1
"Pulau Pandjang",2
"Pulau Panjang",26
"Pulau Pari",1
"Pulau Pari & Seribu",1
"Pulau Pasir Putih",6
"Pulau Peucang",1
"Pulau Pinang",1
"Pulau Punyit",6
"Pulau Putri",24
"Pulau Saparua",5
"Pulau Saruensis",3
"Pulau Selma",1
"Pulau Semisarom",1
"Pulau Seribu",4
"Pulau Sulug",1
"Pulau Ternate",3
"Pulau Tetgan",1
"Pulau Tiga",3
"Pulau Trangan",1
"Pulau Tuburuasa",5
"Pulau Tumbu Tumbu",1
"Pulau Urat",4
"Pulau Wasir",1
"Pulau Weh",114
"Pulau Yjang",2
"Pulau Yjong",1
"Pulo Blan",27
"Pulo Maria",73
"Puludua Island",1
"Pumpkin",2
"Pumpkin Island",2
"Pup",4
"Pura",1
"Pura Island",7
"Purrungku",13
"Purup Island",3
"Pyrene Island",44
"Quagering  (= Flat)",9
"Quartermaine Island",1
"Queen Charlotte",2
"Quoin Island",8
"Quoy Island",58
"RAT",1
"RIAMA",1
"RINCA",46
"ROBERTS",1
"ROMANG",12
"ROTI",257
"ROTTNEST",1
"Rabaul",1
"Rabbit",10
"Rabbit Island",4
"Rabbit Island NSW",1
"Rabbit Island TAS",15
"Radar Reef",39
"Raine",6
"Raine Island",30
"Raja Ampat Islands",1
"Ram",7
"Randall",3
"Rangitoto",8
"Rangitoto Island",1
"Rankin",3
"Raoul Island",4
"Rapa Island",3
"Rapa Iti",1
"Raphael Island",1
"Rara Island",1
"Rarotonga",7
"Rarotonga Island",2
"Rasem Island",1
"Rat",79
"Rat Island",251
"Rawis",11
"Red",2
"Redbill Island",4
"Redbill Reef",5
"Ree I,Tajandu I,Kai",1
"Reef Crest",2
"Reevesby",9
"Reevesby Island",2
"Remark",5
"Remark  (islet adjacent)",4
"Renark Island",4
"Rendova",1
"Rendova Island",2
"Renewal",4
"Renge Island",6
"Repong Island",2
"Reru Island",3
"Restarf Island",1
"Resthoff Island",3
"Restoration Island",2
"Reunion Island",27
"Reveley Island",59
"Rhodes & Culion Island",2
"Rimatuu Islet",1
"Rinca",46
"Rinca Island",70
"Roach Islet",2
"Rob",2
"Rob Island",12
"Robbins Island",13
"Roberts",15
"Robertson",5
"Robertson Reef",4
"Robroy Reefs",59
"Rocky",2
"Rodrigues Island",1
"Roe Reef",134
"Rolland Passage",1
"Roly Rock",17
"Roma",4
"Roma Island",1
"Romang",1
"Romblon Island",2
"Ronsard Rocks  (South)",1
"Rose Island",2
"Rosemary",81
"Rosemary Island",247
"Rosemary Island, Gibley Island",482
"Rosily Islands",2
"Ross Island",3
"Ross Reef",4
"Rossel Island",8
"Rotamah Island",15
"Roti",430
"Roti Island",1
"Rotondella",1
"Rotondella  (1st islet to Sth)",1
"Rotondella  (2nd islet to Sth)",1
"Rotondella Island",2
"Rottnest",1190
"Rottnest Island",3473
"Rotuma Island",4
"Rough Island",4
"Round  (Passage Group)",5
"Round  (Recherche)",8
"Round  (near Serrurier)",3
"Round Island",2
"Round Top Island",1
"Rubiah Island",1
"Rum Island",1
"Russell",4
"Russell Island",4
"S Pasco Island",1
"S Passage",9
"S of",1
"S.A. BORDER",2
"SANGEANG",23
"SAPARUA",15
"SARASOTA BAY",1
"SAWU",220
"SE of",1
"SELARU",207
"SEMAU",138
"SERAM",152
"SERTUNG",37
"SHOLL",2
"SIBERUT",120
"SINGKUT",3
"SIR GRAHAM MOORE",19
"SOLOMON",2
"SOUTH",6
"SOUTH DOUBLE",2
"SOUTH MARET",1
"SOUTHEAST",4
"SOUTHWEST",1
"STORR",76
"SULAWESI",1029
"SUMATRA",75
"SUMBA",327
"SUMBAWA",716
"SUNDAY",57
"SURA",5
"SW of",21
"SW of Point Cloates",1
"SW of Pt Cloates",4
"Saaro Island",1
"Sabah",2
"Sable",2
"Sabu",201
"Sabu Island",2
"Saddle",2
"Saddle Island",13
"Sado Island",1
"Sado-Shima Island",1
"Sae Flores",2
"Sagami Bay",1
"Saibai",1
"Sail Rock",1
"Sailfish Reef",1
"Saint Alouarn",36
"Saint Alouarn Island",4
"Saint Andrew",71
"Saint Andrew Island",30
"Saint Barthélemy",2
"Saint Croix",17
"Saint Helens Island",3
"Saint Johns Island (Pulau Sakijang Bendera)",1
"Saint Lucia Island",1
"Saint Marie Island",5
"Saint Patrick",1
"Saint Paul Island",2
"Saint Thomas",9
"Sakatia Island",9
"Salawati Island",10
"Salisbury",6
"Salisbury Island",6
"Salomague Island",2
"Salto Grande Island",1
"Salu Island",2
"Salu Island (Pulau Salu)",1
"Salu Islet",1
"Salutation",37
"Salutation  (islet to South)",2
"Salwatti",1
"Samar",1
"Samarai Island",2
"San Cristobal",1
"San Fransisco Island",1
"San clemente Island",2
"Sanana Island",6
"Sanaroa Island",1
"Sand Island",4
"Sand Knoll Ledge  (North)",5
"Sand Knoll Ledge  (South)",6
"Sandalwood",8
"Sanders Island",1
"Sandland",40
"Sandy",15
"Sandy  (= Graveyard)",7
"Sandy  (Long Reef)",4
"Sandy  (Scott Reef)",3
"Sandy  (Windy Harbour)",7
"Sandy (White) Island",16
"Sandy Hook",38
"Sandy Hook Island",107
"Sandy Island",414
"Sandy Island No. 2",2
"Sandy Islet",157
"Sangalakki Island",3
"Sangay  Siapo Island",19
"Sangeang",49
"Sangiang",18
"Sanibel",2
"Sanibel Island",8
"Sanibul Island",1
"Santa Cruz Island",3
"Santa Ysabel Island",9
"Santa cruz Island",1
"Santana Island",1
"Sanur Beach",1
"Saparua Island",9
"Sapatos Island",2
"Sapi Island",3
"Sapi Island (Pulau Sapi)",6
"Sapura Island",2
"Saru",7
"Saville-Kent",6
"Savo Island",8
"Savu",130
"Sayang Island",4
"Schouten Island",2
"Schumann Island",1
"Schumann`s Island",4
"Scilly",1
"Scorpion Island",219
"Seagull",6
"Seal",13
"Seal (Abrolhos)",13
"Seal (Abrolhos) islet to North",1
"Seal (Cape Leeuwin)",4
"Seal (King George Sound)",6
"Seal (Shoalwater Bay)",19
"Seal Island",53
"Seal Island WA",5
"Seal Islet",2
"Sebarok Island (Pulau Sebarok)",1
"Second Rock  (Warnbro Sound)",3
"Second sister Island",2
"Seiland Island",1
"Sek Island",16
"Selai Island",2
"Selaru",220
"Selaru Island",1
"Selat Iris",12
"Selat Nematote",2
"Selat Padar",3
"Selatan Island",3
"Semai",2
"Semakua Island (Pulau Semakua)",2
"Semau",379
"Senang Island",2
"Sentosa Island",1
"Sentosa Island (Pulau Sentosa)",1
"Seram",1
"Seram Island",9
"Serbete",1
"Seribu Island",19
"Seringapatam Reef",602
"Seringapatam reef",1
"Serrurier",12
"Serrurier Island",34
"Serventy",21
"Serventy  (islet to North)",6
"Serventy  (islet to West)",1
"Serventy Island",29
"Sesoko Island",26
"Seven",10
"Seven Brothers Island",2
"Seven Islands of Izu",4
"Seven islet to west",2
"Seychelles",1
"Shag",5
"Shag Island",6
"Shag Rock",1
"Shag Rock  (Abrolhos)",9
"Shag Rock  (Carnac)",1
"Shag Rock (Shoalwater Bay)",15
"Shark",3
"Shark Cave Island",6
"Shark Island",4
"Shark Point",3
"Shearwater",12
"Shearwater  (islet to South)",5
"Sheep Island",30
"Shelter",6
"Shelter  (= Mutton Bird)",1
"Shikoku",23
"Shikoku Island",2
"Shikotan",1
"Ship Rock",4
"Shirley Island",1
"Shoal Point",2
"Sholl",12
"Sholl Island",67
"Shore Reef",1
"Shortland Island",1
"Showers Reef",4
"Shumshu Island",4
"Siar village",2
"Siasi Island",10
"Siberut",6
"Siberut Island",1
"Sibuan Island",26
"Sibuan Island (Pulau Sibuan)",3
"Sibuto Island",4
"Sibutu",2
"Sibutu Group",1
"Sibutu Group Islands",1
"Sibutu Island",39
"Sicily",3
"Sida",1
"Sidanga Island",5
"Siete Pecados Island",1
"Siguijor Island",2
"Simpson",1
"Simpson Island",39
"Sindhudurg Island",1
"Singapore",2
"Singapore Island",17
"Sipadan",13
"Sipadan Island",1
"Sipadan Island (Pulau Sipadan)",7
"Sipora Island",1
"Siquijor Island",1
"Sir Frederick",10
"Sir Graeme Moore",60
"Sir Graham Moore",445
"Sir Graham Moore Island",28
"Sisters Island",17
"Six",6
"Six Mile",19
"Six Mile Island",44
"Skokholm",5
"Skomer Island",7
"Slate Islands",31
"Slope",3
"Slope  (island to North)",4
"Slope Island",22
"Small",1
"Smith  (South)",3
"Smokes Island",1
"Snag",6
"Snag Island",4
"Snake Island",3
"Snake Island (Menindee Lake)",5
"Snake Island (Wallaga Lake)",5
"Snake Island VIC",2
"Snappy Gum",1
"Snares",5
"Socorro Island",2
"Solem Island",1
"Solem Islands",13
"Solitary",6
"Solitary Island",1
"Solomon",1
"Solomon Islands",1
"Somerville",16
"Somerville Island",1
"Soumi Island",3
"South Barnard",3
"South Barnard Island",36
"South Barrow Island",1
"South Biggada Reef",3
"South Bruny Island",2
"South Cinque Island",22
"South Double Island",1
"South East",26
"South East Island",5
"South East Twin",1
"South Essex",2
"South Georgia",548
"South Goulburn Island",1
"South Guano",5
"South Hamelin Island",2
"South Island",124
"South Island NZ",9
"South Kangaroo Island",2
"South Keppel Island",1
"South Lagoon",1
"South Maret",22
"South Maret Island",77
"South Mary Anne",6
"South Montalivet Island",3
"South Mud Island",1
"South Muiron",32
"South Muiron Island",476
"South Neptune",1
"South Osborne Island",2
"South Pasco Island",1
"South Pascoe Island",2
"South Passage",21
"South Sandy",1
"South Scott",69
"South Scott Reef",1091
"South Sentinel Island",10
"South Sister Island",4
"South Stradbroke Island",6
"South Twin Island",6
"South Twin Peak",8
"South Twin Peak Island",6
"South Twin Peaks",1
"South Uist",2
"South West",1
"South West Island",149
"South West Osborn",311
"South West Osborn Island",52
"South West Regnard Island",1
"South West Rock  (Carnac)",2
"South east Island",1
"South pasco Island",3
"South peron Island",1
"South sulawesi is",2
"Southeast Farallon",4
"Southeast Island",74
"Southern Group",1
"Southern rim reef",1
"Southport Island",1
"Southwest Cay",1
"Southwest Osborne",19
"Spectacle Island",1
"Spitsbergen",7
"Split Island",32
"Square",33
"Square Island",2
"Square Reef",3
"Sri Lanka",2
"St Alouarn Island",3
"St Andrew",50
"St Francis Islands",9
"St George Island",5
"St Horsburgh Island",1
"St Kilda",1
"St Kilda Island",1
"St Pauls",3
"St. Patrick Island",3
"Stack Island",3
"Stanley",1
"Stanley Island",2
"Stanley Reef",6
"Station",4
"Steamboat",8
"Steamboat Island",14
"Steep Head",9
"Steep Head Island",2
"Steep Island",1
"Steep Point",4
"Steep point",3
"Stephens",1
"Stephens (Ugar) Island",10
"Stephens Island",1
"Sterna",4
"Stewart",11
"Stewart Island",4
"Stick",28
"Stick Island",6
"Stirling",1
"Stokes",12
"Stokes  (islet to North East)",1
"Stokes  (islet to North)",1
"Stony Island",2
"Stony Well Island",8
"Storehouse",1
"Storehouse Island",4
"Storr",102
"Storr Island",48
"Stradbroke",2
"Stradbroke Island",6
"Stuart Island",1
"Subutu Island",1
"Sudest",1
"Suffren Island",5
"Sugarloaf Rock",3
"Sulawesi",40
"Sulawesi Island",1
"Sultan shoal",2
"Sulu Island",4
"Sumatra",3
"Sumatra Island",8
"Sumba",602
"Sumbawa",587
"Sumbawa Island",4
"Sumilon Island",1
"Sunday",105
"Sunday  (Exmouth Gulf)",2
"Sunday  (Shark Bay)",10
"Sunday (Buccaneer Archipelago)",1
"Sunday Island",533
"Suomi",24
"Suomi Island",42
"Suomi Reef",1
"Sura",2
"Surf Point",3
"Suva Barrier Reef",1
"Swan",1
"Swan Island",4
"Sweers Island",5
"Sweet",23
"Sykes Reef",1
"TANIMBAR",2
"TIMOR",649
"TRIMOUILLE",2
"Taam Island",105
"Tab (Pig) Island",21
"Tab Island",151
"Tabat Island",7
"Tabela Island",1
"Table",13
"Table Island",12
"Table Top Island",5
"Taganak Island",2
"Tagula Island",28
"Tah Island",2
"Tahiti Island",14
"Tahuata Island",19
"Taieri",2
"Taiwan",12
"Taiwan (Formosa) Island",28
"Tajandu Island",3
"Tajondu Island",1
"Taka Pemuteran",1
"Takaroa Atoll",1
"Talampulan Island",20
"Talawtawan",2
"Taliman Island",1
"Talimua Island",1
"Tallon Island",90
"Tamagui Island",21
"Tamataue",3
"Tanega-Shima Island",3
"Tangat Island",7
"Tangoa",1
"Tanimbar",263
"Tanimbar Island",9
"Tanjung Bobo",17
"Tanjung Gamcake",6
"Tanjung Mangguar",4
"Tanjung Tolawi",6
"Tanker Buoy",1
"Tanner",5
"Tapani",6
"Tara Island",5
"Tasman Island",2
"Tasmania",6136
"Tatakoto Atoll",2
"Tattler",18
"Tattler Island",10
"Taveuni Island",1
"Tawitawi Is",1
"Tawitawi Island",2
"Tayandu Island",1
"Taylor",7
"Telaga Island",4
"Teluk Banyumandi",4
"Teluk Dabo",19
"Temple",1
"Tempo ma dafa Island",1
"Temugu Island",1
"Tent Island",32
"Tenu",3
"Termination",5
"Tern",12
"Ternate",2
"Ternate Island",1
"Tetagan Island",15
"Tetagen Island",1
"Tetagen Island (Pulau Tetagen)",4
"Texel",8
"Texel Island",2
"Tg Namatatuni",1
"Tg Ngabordamlu",3
"Tg Sermaaf",1
"Tg Wakapara",1
"The Coral Patches",13
"The Lumps",5
"The Rip",3
"The Sisters",3
"The Sisters  (North West)",3
"The Sisters  (South East)",1
"Thevenard",48
"Thevenard Island",30
"Third Rocks  (= Tub Rock)",2
"Third Sister",6
"Thomas",5
"Thomas Island",6
"Thompsons Bay",1
"Three",24
"Three Bay Island",1
"Three Bays",35
"Three Bays Island",1
"Three Hummocks Island",1
"Three Kings Island",1
"Thursday (Waiben) Island",7
"Thursday Island",6
"Tiburon Island",1
"Tidore Island",1
"Tigpuro Ang Bobog",6
"Tikehau Atoll",1
"Timor",1673
"Timor Island",1
"Tinjil",7
"Tioman Island",3
"Tiran Island",1
"Toba Island",1
"Tobelo Island",25
"Toiyama Island",2
"Toiyana Island",3
"Tokongberlayar Island",2
"Toliman Island",2
"Tolo Harbour",1
"Tom Thumb Island",1
"Tomahawk island",1
"Tomioka Island",1
"Tongkil Island",2
"Tonquin Island",1
"Tooth-brush Island",1
"Tortoise",5
"Tortoise Island",4
"Town Beach",2
"Tozer Island",14
"Traitors",6
"Traitors  (Islet 1)",7
"Traitors  (Islet 2)",3
"Traitors  (Islet 3)",1
"Traitors  (Islet 4)",1
"Traitors  (Islet 5)",4
"Traitors Island",7
"Trangan",3
"Trangan Island",12
"Tranquil Bay",11
"Travers Island",1
"Travia",1
"Travia  (1st islet South-East)",1
"Travia  (2nd islet South-East)",1
"Tregosse",2
"Tregrosse",1
"Treko Island",22
"Trigg",4
"Trigg Island",34
"Trigg Reef",27
"Trimmouille Island",1
"Trimouille",51
"Trimouille Island",421
"Trinidad",2
"Tristan da Cunha",2
"Triton Bay",16
"Trochus Island",16
"Troughton",10
"Troughton Island",492
"Truant",2
"Tryon Island",4
"Tsudumi Island",2
"Tuamotu",1
"Tuan Island",1
"Tufi Island",6
"Tulamben",11
"Tullaburga",61
"Tumbak Island",4
"Tumbu Tumbu",2
"Tumbu Tumbu Island",2
"Tunney",16
"Turbin (Championet) Island",10
"Turk Reef",41
"Turner",6
"Turnstone",3
"Turtle Island",3
"Turtle Island QLD",1
"Tutuala",6
"Tutuila",2
"Tutuila Island",3
"Twin Peak",1
"Twin Peak Island",9
"Two",10
"Two Island",1
"Two Rocks",1
"UWINS",1
"Ua Pou Island",1
"Ua Pu",1
"Udjir Island",1
"Uepi Island",1
"Ugi Island",1
"Uipi Island",1
"Ulladulla Lighthouse",1
"Un-Named",2
"Un-named",71
"Un-named Island",175
"Un-named Reef",15
"Unauna Island",32
"Uncle Margie  (= Mangrove)",11
"Undine reef",1
"Unknown",18
"Unknown Island",3
"Unnamed Island",4
"Ur Is & Warbal Is",1
"Uranie Island",3
"Urungal Island",1
"Uta Island",1
"Uwins",115
"Uwins Island",38
"Vancouver Island",4
"Vanderlin Island",2
"Vanikoro Island",1
"Vanua Levu",1
"Varanus",94
"Varanus Island",22
"Vatua Island",1
"Vernon Island",1
"VicRoads Directory edn 5",208
"Victor Island",1
"Victoria Island",1
"Viti Levu",5
"Viti Levu Island",19
"Vlaming Head",2
"Vlaming head",1
"Vlieland",2
"Vona Vona Island",1
"Vulcan Island",1
"Vuro Island",1
"W",1
"W Morotai Island",1
"W Wokam",1
"W of",13
"W of Chabjuwardoo Ba",1
"W of Fraser Island",1
"W of Frazer Island",5
"W of Ningaloo Homest",13
"W of Ningaloo Hstd",7
"W of Point Billie",1
"W of Pt Billie",1
"WARGUL WARGUL",42
"WEST",4
"WEST INTERCOURSE",1
"WEST ISLAND",7
"WEST WALLABI",10
"WETAR",233
"WNW of",1
"WOKAM",1
"WSW of",1
"WULALAM",46
"Wai Island",7
"Waigeo",17
"Waigeo & Kawe Islands",13
"Waigeo Island",164
"Wailangilala Island",1
"Wailgwin (North Slate) Island",92
"Waingapu",1
"Waisilip",1
"Waisilip Island",1
"Wakaya Island",3
"Walan Island",2
"Walcheren",1
"Walcott",9
"Waldegrave Island",3
"Walir Island",5
"Walker",17
"Walker Island",6
"Wallabi Group",7
"Wallabi Island",20
"Wallabi group",9
"Wallaby Island",1
"Walney Island",1
"Walo Island",2
"Walsh Island",1
"Walsh Point",4
"Wamea Island",1
"Wann",7
"Wanneroo Rocks",1
"Wapet Beach & Jetty",1
"Waratah",1
"Waratneu Island",1
"Warbal & Ur Islands",1
"Warbal and Ur Is",1
"Wardang Island",1
"Wargul Wargul",69
"Warn",1
"Warraber (Sue) Island",1
"Wasame Island",4
"Wasir Island",12
"Waterlow Islands",2
"Watermans Reef",2
"Wattle I.",2
"Wattle Island",1
"Wayag Island",12
"Wayag Islands",2
"Webb",10
"Wedge",13
"Wedge Island",12
"Wednesday Island",3
"Weerdee Island",4
"Weld",3
"Wesame Island",14
"West",35
"West Bessieres Island",1
"West Eil Island",5
"West End Reef, Rottnest Island",8
"West Favourite Island",1
"West Franklin Island",3
"West Governor Island",89
"West Intercourse",35
"West Intercourse Island",3
"West Island",1811
"West Island (Falklands)",1
"West Island (Victor Harbour)",1
"West Island Cocos (Keeling) Islands",17
"West Island NT",36
"West Islet",1
"West Lewis",36
"West Lewis Island",340
"West Lewis Island, Island NE of",5
"West Mansuar Island",6
"West Montagu Island",2
"West Montalivet",56
"West Montalivet Island",52
"West Moore (adj Depuch isl)",2
"West Moore Island",2
"West Rock  (Carnac)",2
"West Sabu",16
"West Sandy Island",1
"West Spitsbergen",3
"West Stewart",1
"West Waigeo Island",22
"West Wallabi",309
"West Wallabi Island",75
"West Yapen Island",2
"West enderby Island",5
"West lewis Island",76
"West wallabi Island",2
"Westall  (= Combe)",3
"Westall Island",2
"Western Caroline Island",1
"Wetar",230
"Whale Island",1
"Whidbey Island",1
"White",6
"White  (Abrolhos)",12
"White  (Abrolhos) (islet to S)",4
"White  (Shark Bay)",10
"White Bank",7
"White Island",63
"White Islet",1
"White Rock",2
"White Top Reef",13
"Whitley",12
"Whitlock",28
"Whitsunday Island",4
"Whittell",18
"Wickham",9
"Wickham  (= Stanley)",8
"Wickham Island",83
"Widi Islands",1
"Wigton Island",1
"Wilcox Island",131
"Wildcat Reef",1
"Wildcat Reefs",26
"Wilde Island",1
"Wilds",21
"Willis Island",3
"Wilson",17
"Wilson Island",3
"Winceby Island",12
"Winter Island",2
"Wire Reef",44
"Wofah Island",9
"Woffa Island",8
"Wofoh",2
"Wogu Island",13
"Wokam",327
"Wokam Island",1
"Woku Woku",1
"Wolf Rock",3
"Wollaston",9
"Wollaston Island",1
"Wonad (Wongat) Island",1
"Wongal Island",1
"Wongat Island",88
"Wood",9
"Wood Island",14
"Wooded",161
"Wooded Island",129
"Woodlark (Muyua) Island",2
"Woodlark Island",46
"Woodward",15
"Woodward Island",46
"Woody",27
"Woody Island",9
"Woody Island QLD",3
"Woody Island TAS",1
"Wreck Island",5
"Wreck Rock",1
"Wright Island",37
"Wrights Island",1
"Wruwarez Island",30
"Wulalam",99
"Wulalam Island",10
"Wyadup Rocks",1
"Y",17
"YAMDENA",327
"Yaeyama Islands",1
"Yakushima Island",1
"Yamdena",176
"Yanchep Reef",1
"Yankawingarri Island",131
"Yanu-Yanu-Sau Island",2
"Yap Island",1
"Yapen Island",110
"Yasawa Group",8
"Yeben Island",1
"Yeben Kecil Island",22
"Yenkawir",1
"Yonge Reef",3
"York Island",1
"Yorke (Masig) Island",11
"Yorke Island",1
"Ysabel Island",1
"Yunderup",1
"Zal Island",8
"Zanzibar Island",1
"Zola Island",1
"[Flinders Island]",1
"island",1
"not applicable",173569
"not recorded",1541
"unnamed (Rossiter Bay)",1
"unnamed (Shark Bay)",3
"unnamed island",97
"w of",1
"Île Amsterdam",12
"Île Possession",1
"Île Saint Paul",4
"Île de la Possession",1
